User_ID,Age,Gender,Location,Education,Occupation,Primary_App,Secondary_Apps,Usage_Frequency,Reason_for_Using,Satisfaction,Challenges,Desired_Features,Preferred_Communication,Priority_1,Priority_2,Priority_3,Daily_Usage_Hours
1,20,Non-binary,Bangalore,Undergraduate,Freelancer,Hinge,Hinge,Monthly,Finding a Partner,4,Safety Concerns,Audio Calls,Video Calls,Values,Personality,Appearance,1.0
2,24,Female,Delhi,Undergraduate,Part-time Job,Hinge,OkCupid,Weekly,Casual Dating,5,Time-Wasting,Video Calls,Text,Values,Personality,Appearance,0.5
3,24,Non-binary,Kolkata,Undergraduate,Intern,,,Weekly,Casual Dating,4,Safety Concerns,Detailed Profiles,Text,Values,Personality,Appearance,2.0
4,22,Non-binary,Delhi,Graduate,Full-time Job,,OkCupid,Daily,Casual Fun,3,,AI Recommendations,Voice Notes,Personality,Interests,Values,0.5
5,18,Male,Delhi,Graduate,Intern,OkCupid,OkCupid,Weekly,Casual Fun,4,Safety Concerns,Video Calls,Text,Appearance,Interests,Personality,2.0
6,23,Female,Mumbai,Undergraduate,Student,OkCupid,,Daily,Casual Dating,2,,Audio Calls,Video Calls,Values,Personality,Appearance,1.5
7,22,Non-binary,Chennai,Postgraduate,Part-time Job,Tinder,Tinder,Monthly,Finding a Partner,4,Time-Wasting,Audio Calls,Text,Personality,Interests,Values,0.5
8,21,Female,Pune,Postgraduate,Freelancer,Hinge,Tinder,Weekly,Finding a Partner,2,Safety Concerns,Audio Calls,Video Calls,Values,Personality,Appearance,1.5
9,20,Male,Pune,Postgraduate,Part-time Job,Hinge,OkCupid,Daily,Finding a Partner,1,Lack of Genuine Matches,Audio Calls,Text,Values,Personality,Appearance,2.0
10,20,Non-binary,Chennai,Undergraduate,Intern,OkCupid,Bumble,Weekly,Finding a Partner,1,Safety Concerns,Location-Based Matching,Video Calls,Values,Personality,Appearance,3.0
11,18,Female,Hyderabad,Postgraduate,Full-time Job,Tinder,Hinge,Daily,Social Interaction,1,,Location-Based Matching,Voice Notes,Appearance,Interests,Personality,1.0
12,21,Male,Delhi,Undergraduate,Part-time Job,,,Monthly,Finding a Partner,1,,Audio Calls,Voice Notes,Appearance,Interests,Personality,3.0
13,22,Male,Bangalore,Undergraduate,Student,Hinge,OkCupid,Monthly,Casual Dating,3,Time-Wasting,Video Calls,Video Calls,Personality,Interests,Values,1.0
14,19,Non-binary,Bangalore,Undergraduate,Student,Hinge,Bumble,Daily,Social Interaction,1,,AI Recommendations,Voice Notes,Personality,Interests,Values,2.0
15,22,Non-binary,Chennai,Graduate,Intern,Hinge,,Daily,Casual Fun,1,Lack of Genuine Matches,Audio Calls,Voice Notes,Appearance,Interests,Personality,1.5
16,19,Female,Bangalore,Undergraduate,Freelancer,Hinge,OkCupid,Daily,Casual Dating,5,Time-Wasting,Detailed Profiles,Text,Appearance,Interests,Personality,1.5
17,22,Non-binary,Hyderabad,Graduate,Part-time Job,Bumble,Tinder,Monthly,Casual Fun,3,Lack of Genuine Matches,Location-Based Matching,Video Calls,Values,Personality,Appearance,1.0
18,19,Non-binary,Hyderabad,Graduate,Student,OkCupid,OkCupid,Monthly,Finding a Partner,3,Safety Concerns,Detailed Profiles,Text,Personality,Interests,Values,1.0
19,24,Male,Hyderabad,Graduate,Intern,,Hinge,Daily,Casual Dating,2,Lack of Genuine Matches,AI Recommendations,Video Calls,Personality,Interests,Values,0.5
20,22,Non-binary,Pune,Undergraduate,Student,Hinge,Hinge,Weekly,Finding a Partner,1,Time-Wasting,Video Calls,Voice Notes,Appearance,Interests,Personality,1.5
21,22,Male,Mumbai,Postgraduate,Freelancer,Hinge,Bumble,Weekly,Social Interaction,1,Safety Concerns,AI Recommendations,Video Calls,Values,Personality,Appearance,3.0
22,25,Non-binary,Hyderabad,Undergraduate,Intern,,,Weekly,Finding a Partner,5,Lack of Genuine Matches,AI Recommendations,Text,Appearance,Interests,Personality,3.0
23,20,Female,Pune,Graduate,Full-time Job,Hinge,OkCupid,Daily,Finding a Partner,4,Safety Concerns,Audio Calls,Video Calls,Appearance,Interests,Personality,3.0
24,18,Male,Delhi,Graduate,Freelancer,Tinder,Bumble,Weekly,Casual Dating,5,Time-Wasting,Detailed Profiles,Text,Appearance,Interests,Personality,2.0
25,24,Male,Bangalore,Postgraduate,Full-time Job,,Tinder,Daily,Social Interaction,3,Time-Wasting,Location-Based Matching,Text,Values,Personality,Appearance,2.0
26,24,Male,Kolkata,Graduate,Full-time Job,Bumble,OkCupid,Weekly,Social Interaction,2,Lack of Genuine Matches,Detailed Profiles,Voice Notes,Values,Personality,Appearance,3.0
27,21,Female,Delhi,Undergraduate,Student,Bumble,Tinder,Weekly,Casual Dating,5,Lack of Genuine Matches,Location-Based Matching,Video Calls,Appearance,Interests,Personality,3.0
28,23,Male,Kolkata,Undergraduate,Part-time Job,Bumble,,Weekly,Casual Fun,1,Time-Wasting,Location-Based Matching,Voice Notes,Appearance,Interests,Personality,2.0
29,19,Female,Chennai,Undergraduate,Student,OkCupid,OkCupid,Weekly,Casual Dating,4,Lack of Genuine Matches,Detailed Profiles,Video Calls,Appearance,Interests,Personality,3.0
30,18,Male,Mumbai,Undergraduate,Freelancer,Tinder,Tinder,Daily,Finding a Partner,4,,Location-Based Matching,Voice Notes,Personality,Interests,Values,3.0
31,24,Non-binary,Bangalore,Graduate,Full-time Job,Hinge,OkCupid,Weekly,Casual Dating,5,,Audio Calls,Voice Notes,Personality,Interests,Values,0.5
32,20,Male,Bangalore,Graduate,Full-time Job,Hinge,OkCupid,Monthly,Finding a Partner,3,Time-Wasting,Detailed Profiles,Voice Notes,Values,Personality,Appearance,1.0
33,24,Female,Delhi,Graduate,Part-time Job,,OkCupid,Weekly,Casual Dating,3,Time-Wasting,Detailed Profiles,Text,Personality,Interests,Values,0.5
34,25,Male,Kolkata,Graduate,Full-time Job,,Hinge,Weekly,Finding a Partner,5,Time-Wasting,Location-Based Matching,Voice Notes,Appearance,Interests,Personality,3.0
35,21,Female,Delhi,Graduate,Full-time Job,Bumble,OkCupid,Daily,Casual Dating,3,Safety Concerns,Audio Calls,Voice Notes,Values,Personality,Appearance,2.0
36,22,Non-binary,Mumbai,Postgraduate,Part-time Job,,Hinge,Monthly,Finding a Partner,3,Lack of Genuine Matches,AI Recommendations,Text,Appearance,Interests,Personality,0.5
37,22,Female,Kolkata,Undergraduate,Intern,Bumble,,Monthly,Finding a Partner,3,Safety Concerns,Video Calls,Voice Notes,Personality,Interests,Values,1.0
38,20,Female,Mumbai,Undergraduate,Full-time Job,Hinge,Tinder,Daily,Finding a Partner,1,Lack of Genuine Matches,Audio Calls,Voice Notes,Appearance,Interests,Personality,1.5
39,21,Male,Delhi,Postgraduate,Full-time Job,Bumble,Tinder,Daily,Casual Fun,1,Safety Concerns,Location-Based Matching,Voice Notes,Personality,Interests,Values,1.0
40,18,Male,Kolkata,Graduate,Intern,Tinder,Bumble,Weekly,Social Interaction,5,,Audio Calls,Video Calls,Appearance,Interests,Personality,1.0
41,24,Male,Bangalore,Undergraduate,Student,Bumble,Tinder,Daily,Finding a Partner,3,Time-Wasting,Video Calls,Video Calls,Values,Personality,Appearance,1.5
42,19,Female,Pune,Postgraduate,Part-time Job,,Tinder,Weekly,Casual Dating,2,Safety Concerns,Detailed Profiles,Voice Notes,Values,Personality,Appearance,2.0
43,19,Female,Bangalore,Graduate,Part-time Job,OkCupid,OkCupid,Weekly,Social Interaction,4,,Location-Based Matching,Voice Notes,Values,Personality,Appearance,2.0
44,23,Female,Delhi,Postgraduate,Freelancer,Tinder,Hinge,Weekly,Casual Fun,5,Lack of Genuine Matches,Location-Based Matching,Video Calls,Personality,Interests,Values,2.0
45,21,Male,Delhi,Undergraduate,Student,Tinder,,Daily,Casual Dating,2,Lack of Genuine Matches,AI Recommendations,Text,Values,Personality,Appearance,1.5
46,19,Female,Hyderabad,Graduate,Intern,,OkCupid,Weekly,Casual Dating,5,Safety Concerns,Audio Calls,Video Calls,Values,Personality,Appearance,2.0
47,21,Male,Kolkata,Graduate,Intern,OkCupid,Hinge,Daily,Finding a Partner,1,,Video Calls,Video Calls,Values,Personality,Appearance,1.5
48,24,Non-binary,Bangalore,Undergraduate,Full-time Job,Bumble,,Weekly,Finding a Partner,2,Time-Wasting,Location-Based Matching,Voice Notes,Values,Personality,Appearance,2.0
49,21,Male,Bangalore,Postgraduate,Student,OkCupid,,Weekly,Casual Fun,3,Lack of Genuine Matches,Location-Based Matching,Voice Notes,Appearance,Interests,Personality,0.5
50,19,Male,Kolkata,Postgraduate,Full-time Job,Bumble,,Weekly,Casual Dating,2,,AI Recommendations,Voice Notes,Appearance,Interests,Personality,0.5
51,19,Female,Pune,Postgraduate,Freelancer,Bumble,Tinder,Monthly,Social Interaction,5,,Video Calls,Voice Notes,Personality,Interests,Values,1.0
52,25,Non-binary,Delhi,Graduate,Part-time Job,Tinder,OkCupid,Daily,Finding a Partner,2,Time-Wasting,Detailed Profiles,Video Calls,Appearance,Interests,Personality,3.0
53,25,Male,Mumbai,Graduate,Full-time Job,Bumble,Tinder,Daily,Casual Fun,2,Lack of Genuine Matches,Location-Based Matching,Video Calls,Appearance,Interests,Personality,1.5
54,18,Male,Delhi,Postgraduate,Student,Hinge,OkCupid,Weekly,Social Interaction,5,Safety Concerns,AI Recommendations,Video Calls,Appearance,Interests,Personality,3.0
55,22,Non-binary,Mumbai,Undergraduate,Freelancer,Hinge,OkCupid,Monthly,Finding a Partner,3,,Location-Based Matching,Voice Notes,Values,Personality,Appearance,3.0
56,20,Non-binary,Mumbai,Undergraduate,Intern,,Hinge,Weekly,Finding a Partner,5,,Video Calls,Video Calls,Appearance,Interests,Personality,1.5
57,23,Non-binary,Delhi,Postgraduate,Freelancer,Tinder,Bumble,Daily,Social Interaction,3,,Location-Based Matching,Video Calls,Values,Personality,Appearance,1.5
58,19,Female,Mumbai,Postgraduate,Student,OkCupid,,Daily,Casual Fun,3,Time-Wasting,Location-Based Matching,Video Calls,Personality,Interests,Values,2.0
59,19,Female,Pune,Postgraduate,Student,OkCupid,Bumble,Daily,Casual Fun,5,,AI Recommendations,Voice Notes,Appearance,Interests,Personality,3.0
60,22,Male,Chennai,Undergraduate,Full-time Job,OkCupid,Bumble,Monthly,Social Interaction,1,Time-Wasting,Video Calls,Video Calls,Values,Personality,Appearance,3.0
61,22,Non-binary,Bangalore,Undergraduate,Intern,OkCupid,Hinge,Weekly,Casual Dating,4,Safety Concerns,Detailed Profiles,Video Calls,Values,Personality,Appearance,0.5
62,24,Female,Bangalore,Postgraduate,Freelancer,Tinder,Hinge,Weekly,Social Interaction,3,,AI Recommendations,Text,Personality,Interests,Values,2.0
63,21,Female,Chennai,Graduate,Part-time Job,OkCupid,Tinder,Daily,Social Interaction,4,Time-Wasting,AI Recommendations,Text,Personality,Interests,Values,1.5
64,20,Female,Delhi,Postgraduate,Intern,,OkCupid,Monthly,Finding a Partner,5,Time-Wasting,AI Recommendations,Voice Notes,Appearance,Interests,Personality,1.0
65,23,Male,Kolkata,Graduate,Intern,Hinge,Bumble,Weekly,Casual Dating,4,Safety Concerns,Audio Calls,Video Calls,Personality,Interests,Values,2.0
66,22,Male,Chennai,Undergraduate,Part-time Job,Bumble,OkCupid,Monthly,Social Interaction,5,Safety Concerns,Audio Calls,Video Calls,Values,Personality,Appearance,1.5
67,18,Female,Pune,Postgraduate,Intern,,Hinge,Daily,Casual Fun,2,Safety Concerns,AI Recommendations,Text,Appearance,Interests,Personality,2.0
68,22,Male,Bangalore,Graduate,Full-time Job,OkCupid,,Daily,Finding a Partner,1,,AI Recommendations,Voice Notes,Appearance,Interests,Personality,1.0
69,24,Female,Delhi,Graduate,Intern,Hinge,Bumble,Monthly,Finding a Partner,4,Safety Concerns,Audio Calls,Text,Personality,Interests,Values,3.0
70,18,Male,Hyderabad,Postgraduate,Intern,Bumble,Tinder,Daily,Casual Dating,2,Safety Concerns,Detailed Profiles,Text,Appearance,Interests,Personality,3.0
71,19,Male,Bangalore,Postgraduate,Part-time Job,,Hinge,Monthly,Casual Dating,4,Safety Concerns,Video Calls,Voice Notes,Values,Personality,Appearance,2.0
72,19,Male,Kolkata,Graduate,Intern,Bumble,OkCupid,Daily,Casual Fun,1,,Audio Calls,Text,Personality,Interests,Values,2.0
73,25,Non-binary,Delhi,Postgraduate,Part-time Job,Hinge,Hinge,Daily,Finding a Partner,2,Safety Concerns,Audio Calls,Video Calls,Values,Personality,Appearance,3.0
74,25,Female,Bangalore,Graduate,Student,,OkCupid,Weekly,Finding a Partner,4,,Video Calls,Video Calls,Appearance,Interests,Personality,3.0
75,19,Female,Chennai,Undergraduate,Intern,OkCupid,,Daily,Finding a Partner,2,Lack of Genuine Matches,AI Recommendations,Text,Personality,Interests,Values,0.5
76,22,Male,Chennai,Undergraduate,Full-time Job,Tinder,Hinge,Monthly,Finding a Partner,3,Lack of Genuine Matches,Location-Based Matching,Video Calls,Values,Personality,Appearance,0.5
77,23,Male,Mumbai,Postgraduate,Part-time Job,,Bumble,Weekly,Casual Fun,4,Lack of Genuine Matches,Location-Based Matching,Voice Notes,Appearance,Interests,Personality,1.5
78,25,Non-binary,Delhi,Postgraduate,Full-time Job,Hinge,,Daily,Casual Fun,1,Lack of Genuine Matches,Detailed Profiles,Text,Appearance,Interests,Personality,1.5
79,23,Female,Pune,Postgraduate,Student,OkCupid,Bumble,Monthly,Casual Dating,5,Safety Concerns,Audio Calls,Voice Notes,Appearance,Interests,Personality,1.0
80,24,Male,Bangalore,Postgraduate,Freelancer,Hinge,Bumble,Monthly,Social Interaction,5,Time-Wasting,AI Recommendations,Text,Values,Personality,Appearance,0.5
81,18,Female,Delhi,Undergraduate,Freelancer,,OkCupid,Monthly,Casual Fun,1,,Detailed Profiles,Video Calls,Appearance,Interests,Personality,1.0
82,18,Male,Chennai,Graduate,Freelancer,OkCupid,Bumble,Daily,Social Interaction,2,Safety Concerns,Audio Calls,Voice Notes,Appearance,Interests,Personality,1.0
83,18,Male,Mumbai,Undergraduate,Intern,OkCupid,Bumble,Daily,Social Interaction,1,Safety Concerns,Detailed Profiles,Text,Appearance,Interests,Personality,2.0
84,22,Non-binary,Hyderabad,Postgraduate,Part-time Job,Hinge,Tinder,Weekly,Finding a Partner,1,Time-Wasting,Detailed Profiles,Video Calls,Appearance,Interests,Personality,1.5
85,18,Non-binary,Pune,Undergraduate,Intern,Bumble,Tinder,Weekly,Social Interaction,1,Time-Wasting,Detailed Profiles,Video Calls,Appearance,Interests,Personality,2.0
86,20,Female,Delhi,Postgraduate,Student,Hinge,,Monthly,Social Interaction,5,Time-Wasting,Detailed Profiles,Voice Notes,Values,Personality,Appearance,1.0
87,21,Non-binary,Pune,Graduate,Freelancer,Bumble,Hinge,Monthly,Casual Dating,5,Time-Wasting,Audio Calls,Voice Notes,Values,Personality,Appearance,3.0
88,23,Male,Delhi,Graduate,Intern,,,Daily,Social Interaction,2,Time-Wasting,Detailed Profiles,Voice Notes,Appearance,Interests,Personality,1.0
89,22,Non-binary,Hyderabad,Postgraduate,Full-time Job,Tinder,Hinge,Daily,Finding a Partner,2,Lack of Genuine Matches,Location-Based Matching,Video Calls,Appearance,Interests,Personality,3.0
90,24,Male,Hyderabad,Graduate,Full-time Job,OkCupid,Hinge,Weekly,Casual Fun,5,,AI Recommendations,Video Calls,Personality,Interests,Values,3.0
91,18,Female,Mumbai,Postgraduate,Intern,Tinder,OkCupid,Daily,Social Interaction,4,Time-Wasting,AI Recommendations,Voice Notes,Appearance,Interests,Personality,2.0
92,21,Male,Hyderabad,Undergraduate,Full-time Job,Hinge,Tinder,Monthly,Finding a Partner,1,Time-Wasting,AI Recommendations,Voice Notes,Values,Personality,Appearance,2.0
93,22,Non-binary,Pune,Graduate,Full-time Job,Tinder,OkCupid,Weekly,Casual Dating,2,Lack of Genuine Matches,Video Calls,Voice Notes,Values,Personality,Appearance,0.5
94,21,Non-binary,Chennai,Graduate,Part-time Job,OkCupid,Tinder,Monthly,Casual Dating,3,,Detailed Profiles,Text,Values,Personality,Appearance,3.0
95,23,Female,Mumbai,Undergraduate,Full-time Job,OkCupid,,Monthly,Social Interaction,2,Time-Wasting,Detailed Profiles,Video Calls,Appearance,Interests,Personality,3.0
96,20,Female,Delhi,Postgraduate,Student,OkCupid,Tinder,Daily,Finding a Partner,4,Time-Wasting,Video Calls,Voice Notes,Personality,Interests,Values,2.0
97,23,Female,Delhi,Undergraduate,Part-time Job,Hinge,Bumble,Daily,Finding a Partner,5,Time-Wasting,Video Calls,Voice Notes,Values,Personality,Appearance,1.5
98,22,Male,Chennai,Graduate,Part-time Job,OkCupid,,Daily,Finding a Partner,1,Lack of Genuine Matches,Location-Based Matching,Video Calls,Personality,Interests,Values,0.5
99,20,Male,Kolkata,Undergraduate,Freelancer,OkCupid,Hinge,Daily,Casual Dating,2,,Detailed Profiles,Voice Notes,Personality,Interests,Values,1.5
100,20,Male,Hyderabad,Graduate,Part-time Job,OkCupid,OkCupid,Weekly,Finding a Partner,3,Lack of Genuine Matches,Location-Based Matching,Video Calls,Personality,Interests,Values,3.0
101,19,Non-binary,Hyderabad,Undergraduate,Freelancer,Tinder,Bumble,Daily,Casual Fun,4,Lack of Genuine Matches,Audio Calls,Text,Values,Personality,Appearance,1.5
102,19,Male,Kolkata,Graduate,Student,OkCupid,OkCupid,Weekly,Finding a Partner,5,Time-Wasting,Video Calls,Video Calls,Appearance,Interests,Personality,3.0
103,25,Male,Delhi,Postgraduate,Part-time Job,OkCupid,Tinder,Monthly,Social Interaction,3,Safety Concerns,Location-Based Matching,Text,Appearance,Interests,Personality,0.5
104,20,Female,Chennai,Undergraduate,Freelancer,Hinge,OkCupid,Monthly,Finding a Partner,4,,Video Calls,Voice Notes,Values,Personality,Appearance,1.0
105,25,Male,Delhi,Undergraduate,Student,Hinge,Bumble,Monthly,Finding a Partner,4,,Location-Based Matching,Text,Appearance,Interests,Personality,1.5
106,25,Female,Delhi,Graduate,Freelancer,Tinder,Bumble,Weekly,Casual Fun,3,Safety Concerns,Video Calls,Video Calls,Appearance,Interests,Personality,2.0
107,25,Male,Mumbai,Graduate,Intern,Tinder,OkCupid,Daily,Casual Fun,5,Safety Concerns,Location-Based Matching,Text,Appearance,Interests,Personality,0.5
108,21,Male,Kolkata,Undergraduate,Freelancer,OkCupid,Hinge,Daily,Casual Dating,2,,Location-Based Matching,Video Calls,Personality,Interests,Values,1.5
109,18,Male,Bangalore,Undergraduate,Freelancer,OkCupid,Tinder,Monthly,Social Interaction,1,Time-Wasting,Audio Calls,Video Calls,Personality,Interests,Values,2.0
110,25,Male,Bangalore,Graduate,Freelancer,,Tinder,Daily,Casual Fun,2,Lack of Genuine Matches,Audio Calls,Video Calls,Personality,Interests,Values,2.0
111,24,Male,Bangalore,Undergraduate,Full-time Job,OkCupid,Tinder,Weekly,Finding a Partner,2,Safety Concerns,Location-Based Matching,Video Calls,Appearance,Interests,Personality,2.0
112,18,Female,Pune,Undergraduate,Freelancer,Hinge,OkCupid,Weekly,Casual Dating,4,Lack of Genuine Matches,Detailed Profiles,Text,Values,Personality,Appearance,1.5
113,23,Non-binary,Chennai,Undergraduate,Intern,Hinge,Bumble,Daily,Casual Dating,3,Time-Wasting,Location-Based Matching,Video Calls,Personality,Interests,Values,1.0
114,19,Male,Chennai,Postgraduate,Intern,OkCupid,Hinge,Weekly,Casual Dating,1,Time-Wasting,Location-Based Matching,Video Calls,Appearance,Interests,Personality,1.0
115,23,Male,Hyderabad,Graduate,Freelancer,Tinder,,Monthly,Casual Dating,1,,Location-Based Matching,Video Calls,Values,Personality,Appearance,2.0
116,24,Non-binary,Kolkata,Postgraduate,Full-time Job,Tinder,Tinder,Weekly,Casual Dating,1,Lack of Genuine Matches,Video Calls,Video Calls,Values,Personality,Appearance,1.5
117,24,Female,Delhi,Undergraduate,Intern,Bumble,OkCupid,Daily,Finding a Partner,3,Lack of Genuine Matches,AI Recommendations,Text,Values,Personality,Appearance,2.0
118,25,Non-binary,Chennai,Undergraduate,Freelancer,Tinder,Tinder,Monthly,Casual Fun,3,Time-Wasting,Detailed Profiles,Voice Notes,Personality,Interests,Values,0.5
119,19,Male,Delhi,Postgraduate,Intern,Tinder,Hinge,Monthly,Casual Fun,5,,Detailed Profiles,Video Calls,Personality,Interests,Values,3.0
120,21,Non-binary,Chennai,Postgraduate,Freelancer,Hinge,Hinge,Monthly,Casual Fun,1,Time-Wasting,Location-Based Matching,Voice Notes,Personality,Interests,Values,2.0
121,25,Non-binary,Delhi,Graduate,Student,,,Daily,Social Interaction,4,Safety Concerns,AI Recommendations,Text,Values,Personality,Appearance,1.0
122,24,Non-binary,Bangalore,Postgraduate,Intern,,OkCupid,Monthly,Casual Dating,4,Safety Concerns,Detailed Profiles,Video Calls,Personality,Interests,Values,0.5
123,19,Non-binary,Bangalore,Graduate,Intern,Bumble,Bumble,Monthly,Casual Fun,3,Safety Concerns,Detailed Profiles,Video Calls,Values,Personality,Appearance,1.5
124,20,Non-binary,Bangalore,Undergraduate,Intern,Hinge,Tinder,Monthly,Casual Fun,4,Time-Wasting,Location-Based Matching,Text,Appearance,Interests,Personality,2.0
125,18,Non-binary,Delhi,Postgraduate,Freelancer,Tinder,Tinder,Daily,Finding a Partner,3,Time-Wasting,Video Calls,Video Calls,Values,Personality,Appearance,1.5
126,21,Male,Chennai,Graduate,Part-time Job,OkCupid,Hinge,Monthly,Finding a Partner,5,Safety Concerns,Location-Based Matching,Text,Values,Personality,Appearance,0.5
127,22,Female,Mumbai,Postgraduate,Student,Hinge,,Monthly,Finding a Partner,3,Safety Concerns,Detailed Profiles,Text,Personality,Interests,Values,3.0
128,24,Male,Pune,Postgraduate,Student,Hinge,,Weekly,Finding a Partner,2,Time-Wasting,Detailed Profiles,Video Calls,Values,Personality,Appearance,1.0
129,25,Female,Mumbai,Postgraduate,Student,,Hinge,Monthly,Casual Dating,1,Safety Concerns,Audio Calls,Video Calls,Personality,Interests,Values,1.0
130,23,Male,Mumbai,Postgraduate,Freelancer,Hinge,Hinge,Monthly,Casual Dating,4,Time-Wasting,Video Calls,Text,Appearance,Interests,Personality,0.5
131,20,Female,Chennai,Graduate,Part-time Job,Bumble,,Daily,Finding a Partner,4,,Video Calls,Video Calls,Appearance,Interests,Personality,2.0
132,24,Non-binary,Bangalore,Graduate,Part-time Job,Bumble,OkCupid,Monthly,Finding a Partner,1,Lack of Genuine Matches,Video Calls,Video Calls,Appearance,Interests,Personality,1.5
133,25,Non-binary,Pune,Postgraduate,Intern,Bumble,Bumble,Monthly,Finding a Partner,2,Time-Wasting,Video Calls,Video Calls,Personality,Interests,Values,0.5
134,25,Female,Pune,Postgraduate,Part-time Job,,,Daily,Casual Fun,3,Time-Wasting,Location-Based Matching,Voice Notes,Personality,Interests,Values,1.5
135,20,Female,Kolkata,Graduate,Intern,Hinge,Bumble,Daily,Finding a Partner,4,Time-Wasting,Detailed Profiles,Text,Appearance,Interests,Personality,1.0
136,24,Male,Kolkata,Undergraduate,Student,Bumble,Bumble,Daily,Finding a Partner,2,Lack of Genuine Matches,Location-Based Matching,Text,Personality,Interests,Values,1.0
137,18,Female,Chennai,Undergraduate,Part-time Job,Bumble,,Daily,Casual Dating,5,Time-Wasting,Video Calls,Text,Appearance,Interests,Personality,3.0
138,18,Female,Bangalore,Undergraduate,Full-time Job,,OkCupid,Monthly,Casual Dating,4,Lack of Genuine Matches,Location-Based Matching,Text,Values,Personality,Appearance,0.5
139,23,Non-binary,Delhi,Undergraduate,Student,OkCupid,,Weekly,Casual Dating,5,,Detailed Profiles,Video Calls,Personality,Interests,Values,3.0
140,18,Male,Chennai,Postgraduate,Student,Tinder,Hinge,Monthly,Finding a Partner,1,Time-Wasting,Location-Based Matching,Voice Notes,Values,Personality,Appearance,1.0
141,19,Non-binary,Bangalore,Undergraduate,Part-time Job,,,Daily,Casual Dating,1,,Audio Calls,Text,Appearance,Interests,Personality,1.5
142,22,Male,Pune,Postgraduate,Intern,,OkCupid,Monthly,Social Interaction,3,Time-Wasting,Audio Calls,Video Calls,Values,Personality,Appearance,1.0
143,19,Male,Mumbai,Graduate,Freelancer,OkCupid,Hinge,Daily,Finding a Partner,3,Lack of Genuine Matches,Audio Calls,Text,Personality,Interests,Values,0.5
144,22,Female,Hyderabad,Undergraduate,Freelancer,OkCupid,,Weekly,Finding a Partner,3,Time-Wasting,Location-Based Matching,Video Calls,Values,Personality,Appearance,3.0
145,24,Male,Chennai,Undergraduate,Freelancer,Tinder,OkCupid,Monthly,Social Interaction,3,Lack of Genuine Matches,Detailed Profiles,Video Calls,Personality,Interests,Values,3.0
146,18,Non-binary,Kolkata,Postgraduate,Full-time Job,Hinge,Bumble,Weekly,Casual Dating,5,Lack of Genuine Matches,AI Recommendations,Voice Notes,Values,Personality,Appearance,2.0
147,23,Non-binary,Hyderabad,Graduate,Full-time Job,Hinge,Tinder,Weekly,Casual Fun,5,Safety Concerns,Location-Based Matching,Voice Notes,Values,Personality,Appearance,0.5
148,23,Female,Delhi,Undergraduate,Student,,Bumble,Daily,Social Interaction,5,Safety Concerns,Audio Calls,Text,Appearance,Interests,Personality,3.0
149,22,Female,Bangalore,Graduate,Full-time Job,Hinge,Bumble,Monthly,Casual Dating,5,,Audio Calls,Text,Appearance,Interests,Personality,1.5
150,19,Female,Hyderabad,Undergraduate,Student,Tinder,Hinge,Weekly,Social Interaction,1,Lack of Genuine Matches,AI Recommendations,Voice Notes,Values,Personality,Appearance,2.0
151,19,Male,Mumbai,Undergraduate,Intern,OkCupid,Hinge,Monthly,Social Interaction,2,Time-Wasting,Audio Calls,Video Calls,Values,Personality,Appearance,3.0
152,18,Non-binary,Pune,Graduate,Freelancer,Bumble,Hinge,Daily,Social Interaction,2,Lack of Genuine Matches,Detailed Profiles,Voice Notes,Appearance,Interests,Personality,0.5
153,24,Female,Hyderabad,Graduate,Part-time Job,Tinder,Bumble,Monthly,Casual Fun,3,Lack of Genuine Matches,Audio Calls,Voice Notes,Personality,Interests,Values,3.0
154,23,Male,Delhi,Undergraduate,Freelancer,Hinge,Bumble,Monthly,Casual Dating,5,,Location-Based Matching,Voice Notes,Appearance,Interests,Personality,2.0
155,18,Female,Bangalore,Graduate,Freelancer,Bumble,Hinge,Weekly,Casual Fun,4,Lack of Genuine Matches,Video Calls,Text,Personality,Interests,Values,0.5
156,18,Non-binary,Pune,Graduate,Freelancer,Tinder,Bumble,Monthly,Social Interaction,3,Time-Wasting,Location-Based Matching,Video Calls,Appearance,Interests,Personality,1.0
157,22,Female,Hyderabad,Graduate,Full-time Job,Hinge,Tinder,Monthly,Social Interaction,3,,Location-Based Matching,Text,Values,Personality,Appearance,1.5
158,25,Non-binary,Hyderabad,Undergraduate,Part-time Job,OkCupid,Hinge,Daily,Social Interaction,3,,AI Recommendations,Video Calls,Appearance,Interests,Personality,3.0
159,22,Non-binary,Chennai,Graduate,Student,OkCupid,OkCupid,Weekly,Finding a Partner,5,Lack of Genuine Matches,AI Recommendations,Video Calls,Personality,Interests,Values,2.0
160,24,Male,Hyderabad,Postgraduate,Intern,Bumble,Bumble,Weekly,Social Interaction,2,Safety Concerns,Audio Calls,Video Calls,Personality,Interests,Values,1.0
161,23,Non-binary,Bangalore,Graduate,Part-time Job,Bumble,OkCupid,Daily,Social Interaction,1,,AI Recommendations,Voice Notes,Appearance,Interests,Personality,3.0
162,23,Female,Kolkata,Undergraduate,Full-time Job,Bumble,Hinge,Monthly,Social Interaction,2,Time-Wasting,Audio Calls,Voice Notes,Values,Personality,Appearance,1.5
163,23,Female,Kolkata,Graduate,Freelancer,Tinder,Bumble,Weekly,Casual Fun,5,Time-Wasting,Video Calls,Video Calls,Personality,Interests,Values,3.0
164,24,Non-binary,Pune,Graduate,Full-time Job,OkCupid,OkCupid,Daily,Casual Dating,1,Lack of Genuine Matches,Video Calls,Voice Notes,Personality,Interests,Values,3.0
165,18,Female,Bangalore,Postgraduate,Part-time Job,,Bumble,Weekly,Casual Fun,1,Safety Concerns,Audio Calls,Text,Appearance,Interests,Personality,1.0
166,19,Male,Hyderabad,Postgraduate,Freelancer,Hinge,Tinder,Weekly,Social Interaction,5,Lack of Genuine Matches,Audio Calls,Video Calls,Values,Personality,Appearance,1.0
167,21,Female,Hyderabad,Undergraduate,Full-time Job,Bumble,,Daily,Finding a Partner,1,,Detailed Profiles,Voice Notes,Appearance,Interests,Personality,3.0
168,21,Non-binary,Bangalore,Postgraduate,Part-time Job,OkCupid,Hinge,Monthly,Casual Fun,3,,Location-Based Matching,Video Calls,Personality,Interests,Values,3.0
169,22,Non-binary,Bangalore,Undergraduate,Freelancer,Hinge,OkCupid,Daily,Social Interaction,4,Lack of Genuine Matches,Detailed Profiles,Video Calls,Appearance,Interests,Personality,0.5
170,24,Male,Delhi,Graduate,Full-time Job,OkCupid,Hinge,Monthly,Social Interaction,1,Lack of Genuine Matches,Detailed Profiles,Voice Notes,Personality,Interests,Values,2.0
171,21,Non-binary,Delhi,Graduate,Intern,Bumble,Bumble,Monthly,Casual Dating,1,,AI Recommendations,Video Calls,Personality,Interests,Values,2.0
172,19,Female,Chennai,Undergraduate,Part-time Job,Hinge,Bumble,Monthly,Finding a Partner,3,Lack of Genuine Matches,Audio Calls,Text,Values,Personality,Appearance,0.5
173,21,Non-binary,Delhi,Undergraduate,Part-time Job,Tinder,Tinder,Daily,Casual Fun,1,Safety Concerns,Video Calls,Text,Appearance,Interests,Personality,0.5
174,23,Male,Mumbai,Postgraduate,Intern,OkCupid,Hinge,Weekly,Casual Fun,1,,Video Calls,Video Calls,Values,Personality,Appearance,2.0
175,19,Non-binary,Kolkata,Postgraduate,Full-time Job,Bumble,Bumble,Monthly,Casual Dating,2,Time-Wasting,Video Calls,Voice Notes,Personality,Interests,Values,0.5
176,24,Male,Bangalore,Graduate,Student,OkCupid,Hinge,Daily,Social Interaction,1,Safety Concerns,Detailed Profiles,Text,Personality,Interests,Values,1.5
177,24,Male,Mumbai,Graduate,Freelancer,,,Daily,Finding a Partner,1,Time-Wasting,Location-Based Matching,Voice Notes,Appearance,Interests,Personality,2.0
178,18,Male,Delhi,Graduate,Part-time Job,Hinge,Bumble,Weekly,Casual Fun,1,,AI Recommendations,Video Calls,Values,Personality,Appearance,1.0
179,21,Female,Kolkata,Postgraduate,Part-time Job,OkCupid,OkCupid,Monthly,Casual Fun,2,,Location-Based Matching,Video Calls,Values,Personality,Appearance,1.5
180,20,Non-binary,Hyderabad,Undergraduate,Full-time Job,Tinder,Tinder,Daily,Finding a Partner,4,,AI Recommendations,Video Calls,Personality,Interests,Values,1.0
181,21,Male,Bangalore,Postgraduate,Student,Bumble,OkCupid,Weekly,Casual Fun,1,Time-Wasting,Detailed Profiles,Video Calls,Values,Personality,Appearance,1.0
182,22,Non-binary,Pune,Graduate,Student,,OkCupid,Weekly,Casual Dating,4,Safety Concerns,Detailed Profiles,Text,Values,Personality,Appearance,0.5
183,21,Male,Kolkata,Undergraduate,Part-time Job,Hinge,Tinder,Daily,Casual Fun,4,,AI Recommendations,Voice Notes,Personality,Interests,Values,0.5
184,22,Non-binary,Delhi,Graduate,Full-time Job,OkCupid,Bumble,Weekly,Casual Fun,5,Safety Concerns,Video Calls,Voice Notes,Personality,Interests,Values,0.5
185,23,Female,Kolkata,Undergraduate,Part-time Job,OkCupid,Bumble,Monthly,Casual Dating,1,Time-Wasting,Audio Calls,Text,Values,Personality,Appearance,1.5
186,18,Non-binary,Kolkata,Graduate,Full-time Job,Hinge,,Weekly,Casual Dating,2,Lack of Genuine Matches,Location-Based Matching,Video Calls,Appearance,Interests,Personality,1.0
187,24,Female,Kolkata,Undergraduate,Full-time Job,OkCupid,Tinder,Monthly,Casual Dating,2,Safety Concerns,Location-Based Matching,Text,Values,Personality,Appearance,0.5
188,23,Male,Pune,Graduate,Intern,OkCupid,Tinder,Weekly,Social Interaction,5,Lack of Genuine Matches,AI Recommendations,Video Calls,Appearance,Interests,Personality,2.0
189,24,Male,Pune,Postgraduate,Freelancer,,OkCupid,Daily,Casual Fun,1,Safety Concerns,Detailed Profiles,Text,Values,Personality,Appearance,2.0
190,20,Male,Delhi,Graduate,Full-time Job,Tinder,Hinge,Monthly,Casual Dating,3,Safety Concerns,Video Calls,Voice Notes,Appearance,Interests,Personality,1.5
191,25,Female,Hyderabad,Graduate,Part-time Job,Bumble,Tinder,Monthly,Finding a Partner,5,Time-Wasting,AI Recommendations,Voice Notes,Values,Personality,Appearance,2.0
192,22,Male,Mumbai,Postgraduate,Student,Hinge,OkCupid,Monthly,Casual Fun,5,Time-Wasting,AI Recommendations,Text,Values,Personality,Appearance,2.0
193,24,Male,Chennai,Graduate,Part-time Job,,OkCupid,Monthly,Social Interaction,3,Time-Wasting,Video Calls,Text,Values,Personality,Appearance,0.5
194,24,Female,Hyderabad,Graduate,Freelancer,,Tinder,Daily,Casual Fun,1,Safety Concerns,AI Recommendations,Text,Personality,Interests,Values,1.0
195,18,Male,Mumbai,Undergraduate,Intern,OkCupid,,Weekly,Social Interaction,1,Lack of Genuine Matches,Video Calls,Text,Values,Personality,Appearance,1.5
196,25,Female,Pune,Postgraduate,Part-time Job,OkCupid,Hinge,Daily,Finding a Partner,5,Time-Wasting,AI Recommendations,Voice Notes,Values,Personality,Appearance,1.0
197,19,Female,Delhi,Undergraduate,Intern,OkCupid,Bumble,Weekly,Finding a Partner,3,Time-Wasting,Audio Calls,Video Calls,Appearance,Interests,Personality,2.0
198,20,Female,Hyderabad,Undergraduate,Full-time Job,Bumble,Bumble,Weekly,Social Interaction,3,Time-Wasting,Video Calls,Voice Notes,Values,Personality,Appearance,3.0
199,23,Female,Delhi,Graduate,Intern,,Hinge,Monthly,Finding a Partner,4,Safety Concerns,AI Recommendations,Video Calls,Appearance,Interests,Personality,2.0
200,19,Female,Bangalore,Graduate,Student,Bumble,Bumble,Weekly,Casual Dating,2,Lack of Genuine Matches,Detailed Profiles,Video Calls,Values,Personality,Appearance,0.5
201,21,Non-binary,Delhi,Graduate,Intern,OkCupid,Tinder,Weekly,Social Interaction,1,Safety Concerns,Detailed Profiles,Text,Personality,Interests,Values,1.5
202,20,Non-binary,Chennai,Graduate,Freelancer,Hinge,OkCupid,Weekly,Finding a Partner,1,Safety Concerns,Detailed Profiles,Voice Notes,Appearance,Interests,Personality,3.0
203,18,Male,Kolkata,Graduate,Intern,Bumble,Tinder,Weekly,Finding a Partner,2,Lack of Genuine Matches,Audio Calls,Text,Personality,Interests,Values,0.5
204,23,Non-binary,Chennai,Postgraduate,Full-time Job,Hinge,Tinder,Monthly,Social Interaction,2,Time-Wasting,Location-Based Matching,Video Calls,Appearance,Interests,Personality,1.5
205,18,Non-binary,Chennai,Postgraduate,Intern,,Bumble,Weekly,Casual Dating,2,Lack of Genuine Matches,AI Recommendations,Text,Personality,Interests,Values,2.0
206,21,Male,Hyderabad,Undergraduate,Part-time Job,Bumble,Hinge,Weekly,Casual Fun,4,Lack of Genuine Matches,Video Calls,Video Calls,Personality,Interests,Values,1.0
207,20,Non-binary,Delhi,Postgraduate,Part-time Job,OkCupid,Bumble,Monthly,Casual Dating,5,Time-Wasting,Audio Calls,Voice Notes,Appearance,Interests,Personality,2.0
208,24,Female,Kolkata,Graduate,Student,Bumble,Bumble,Daily,Casual Dating,5,Lack of Genuine Matches,Video Calls,Voice Notes,Appearance,Interests,Personality,2.0
209,19,Female,Mumbai,Undergraduate,Freelancer,Hinge,,Monthly,Casual Dating,1,Time-Wasting,Location-Based Matching,Video Calls,Personality,Interests,Values,1.0
210,24,Female,Mumbai,Undergraduate,Freelancer,Tinder,,Weekly,Casual Dating,5,Time-Wasting,Location-Based Matching,Video Calls,Values,Personality,Appearance,2.0
211,24,Male,Bangalore,Undergraduate,Full-time Job,OkCupid,,Daily,Social Interaction,2,,AI Recommendations,Video Calls,Personality,Interests,Values,3.0
212,19,Female,Kolkata,Postgraduate,Part-time Job,Hinge,Bumble,Weekly,Social Interaction,5,Time-Wasting,Video Calls,Text,Values,Personality,Appearance,2.0
213,22,Female,Pune,Postgraduate,Student,Bumble,,Monthly,Social Interaction,3,Time-Wasting,Location-Based Matching,Video Calls,Appearance,Interests,Personality,1.0
214,19,Female,Mumbai,Graduate,Part-time Job,OkCupid,OkCupid,Daily,Casual Dating,2,Time-Wasting,Audio Calls,Video Calls,Personality,Interests,Values,2.0
215,23,Male,Delhi,Graduate,Full-time Job,,Bumble,Weekly,Social Interaction,1,Lack of Genuine Matches,Audio Calls,Voice Notes,Personality,Interests,Values,3.0
216,19,Male,Hyderabad,Undergraduate,Intern,,Tinder,Daily,Social Interaction,4,,Location-Based Matching,Video Calls,Personality,Interests,Values,0.5
217,19,Female,Chennai,Undergraduate,Full-time Job,Hinge,Hinge,Daily,Finding a Partner,2,Safety Concerns,Detailed Profiles,Video Calls,Personality,Interests,Values,1.0
218,21,Non-binary,Hyderabad,Undergraduate,Intern,Bumble,Bumble,Monthly,Social Interaction,5,Safety Concerns,AI Recommendations,Voice Notes,Values,Personality,Appearance,1.5
219,23,Male,Mumbai,Graduate,Student,Tinder,Bumble,Weekly,Social Interaction,5,,Location-Based Matching,Video Calls,Personality,Interests,Values,1.5
220,22,Non-binary,Hyderabad,Graduate,Full-time Job,OkCupid,,Weekly,Social Interaction,1,Lack of Genuine Matches,Video Calls,Video Calls,Personality,Interests,Values,2.0
221,19,Non-binary,Pune,Postgraduate,Intern,OkCupid,,Monthly,Casual Dating,1,Lack of Genuine Matches,Location-Based Matching,Video Calls,Values,Personality,Appearance,3.0
222,23,Female,Delhi,Undergraduate,Freelancer,OkCupid,Tinder,Monthly,Social Interaction,3,Time-Wasting,AI Recommendations,Video Calls,Personality,Interests,Values,1.0
223,18,Male,Bangalore,Undergraduate,Freelancer,OkCupid,,Daily,Casual Fun,2,Safety Concerns,Location-Based Matching,Voice Notes,Values,Personality,Appearance,1.5
224,23,Female,Hyderabad,Postgraduate,Freelancer,Bumble,Tinder,Monthly,Casual Fun,4,,Detailed Profiles,Video Calls,Personality,Interests,Values,2.0
225,20,Female,Bangalore,Graduate,Freelancer,Bumble,,Weekly,Casual Fun,3,Lack of Genuine Matches,Audio Calls,Text,Personality,Interests,Values,2.0
226,23,Non-binary,Hyderabad,Undergraduate,Freelancer,OkCupid,Hinge,Daily,Casual Fun,3,Lack of Genuine Matches,Audio Calls,Video Calls,Appearance,Interests,Personality,2.0
227,18,Female,Kolkata,Undergraduate,Full-time Job,,,Monthly,Finding a Partner,2,Lack of Genuine Matches,Location-Based Matching,Video Calls,Personality,Interests,Values,1.0
228,23,Female,Pune,Undergraduate,Student,Hinge,Hinge,Monthly,Casual Fun,3,,Video Calls,Voice Notes,Values,Personality,Appearance,1.5
229,22,Male,Pune,Undergraduate,Student,Hinge,Bumble,Monthly,Social Interaction,4,Safety Concerns,Location-Based Matching,Voice Notes,Personality,Interests,Values,1.5
230,20,Male,Bangalore,Undergraduate,Part-time Job,OkCupid,OkCupid,Weekly,Casual Fun,4,,Audio Calls,Voice Notes,Personality,Interests,Values,1.0
231,18,Female,Mumbai,Undergraduate,Full-time Job,Tinder,OkCupid,Monthly,Casual Dating,1,,Location-Based Matching,Text,Personality,Interests,Values,2.0
232,23,Non-binary,Mumbai,Postgraduate,Student,Bumble,Hinge,Weekly,Social Interaction,5,,Detailed Profiles,Video Calls,Values,Personality,Appearance,0.5
233,25,Female,Mumbai,Undergraduate,Intern,Hinge,Tinder,Daily,Finding a Partner,3,Time-Wasting,AI Recommendations,Voice Notes,Values,Personality,Appearance,0.5
234,22,Non-binary,Chennai,Graduate,Freelancer,Tinder,Hinge,Monthly,Casual Dating,2,Lack of Genuine Matches,Location-Based Matching,Voice Notes,Values,Personality,Appearance,0.5
235,22,Male,Chennai,Undergraduate,Part-time Job,Hinge,,Daily,Social Interaction,3,Lack of Genuine Matches,Video Calls,Video Calls,Personality,Interests,Values,2.0
236,25,Non-binary,Hyderabad,Graduate,Full-time Job,Hinge,,Monthly,Casual Fun,5,,Detailed Profiles,Voice Notes,Personality,Interests,Values,2.0
237,23,Female,Mumbai,Postgraduate,Intern,Hinge,Tinder,Monthly,Casual Dating,4,,Detailed Profiles,Voice Notes,Personality,Interests,Values,1.5
238,18,Non-binary,Bangalore,Graduate,Intern,Bumble,,Daily,Casual Fun,3,,Detailed Profiles,Video Calls,Personality,Interests,Values,3.0
239,23,Non-binary,Mumbai,Graduate,Intern,Hinge,Tinder,Daily,Finding a Partner,2,Lack of Genuine Matches,Video Calls,Video Calls,Values,Personality,Appearance,3.0
240,25,Female,Chennai,Graduate,Student,OkCupid,,Daily,Social Interaction,2,Safety Concerns,AI Recommendations,Video Calls,Values,Personality,Appearance,2.0
241,20,Female,Mumbai,Postgraduate,Part-time Job,,Bumble,Daily,Finding a Partner,3,Time-Wasting,Detailed Profiles,Voice Notes,Personality,Interests,Values,1.5
242,23,Non-binary,Chennai,Graduate,Intern,OkCupid,Bumble,Monthly,Finding a Partner,2,Safety Concerns,Detailed Profiles,Video Calls,Values,Personality,Appearance,1.5
243,20,Non-binary,Hyderabad,Undergraduate,Part-time Job,,,Daily,Social Interaction,5,Lack of Genuine Matches,Audio Calls,Text,Personality,Interests,Values,1.5
244,23,Non-binary,Chennai,Postgraduate,Intern,,,Daily,Social Interaction,5,Safety Concerns,Detailed Profiles,Text,Appearance,Interests,Personality,3.0
245,24,Non-binary,Pune,Graduate,Freelancer,OkCupid,Hinge,Weekly,Casual Dating,4,Safety Concerns,AI Recommendations,Voice Notes,Values,Personality,Appearance,3.0
246,24,Non-binary,Mumbai,Postgraduate,Intern,Hinge,Hinge,Daily,Casual Dating,2,Lack of Genuine Matches,Video Calls,Video Calls,Personality,Interests,Values,0.5
247,23,Male,Kolkata,Postgraduate,Intern,Bumble,OkCupid,Monthly,Social Interaction,3,,Detailed Profiles,Text,Appearance,Interests,Personality,3.0
248,22,Non-binary,Hyderabad,Postgraduate,Student,Bumble,Tinder,Daily,Casual Dating,4,Lack of Genuine Matches,Location-Based Matching,Voice Notes,Personality,Interests,Values,0.5
249,22,Male,Bangalore,Postgraduate,Student,Tinder,Tinder,Daily,Finding a Partner,2,Safety Concerns,Video Calls,Voice Notes,Personality,Interests,Values,1.0
250,19,Male,Mumbai,Postgraduate,Freelancer,Bumble,Bumble,Daily,Casual Dating,2,,Location-Based Matching,Voice Notes,Appearance,Interests,Personality,3.0
251,19,Male,Pune,Graduate,Part-time Job,Tinder,Hinge,Weekly,Casual Fun,4,Time-Wasting,Detailed Profiles,Text,Personality,Interests,Values,3.0
252,25,Male,Bangalore,Postgraduate,Student,Hinge,Hinge,Monthly,Finding a Partner,2,Safety Concerns,Audio Calls,Text,Appearance,Interests,Personality,1.0
253,24,Male,Chennai,Graduate,Student,,Bumble,Daily,Finding a Partner,1,Lack of Genuine Matches,Video Calls,Text,Personality,Interests,Values,1.5
254,21,Female,Mumbai,Undergraduate,Intern,Tinder,OkCupid,Weekly,Casual Dating,1,Time-Wasting,Video Calls,Video Calls,Personality,Interests,Values,1.0
255,22,Male,Pune,Graduate,Freelancer,Bumble,OkCupid,Daily,Finding a Partner,5,,AI Recommendations,Video Calls,Appearance,Interests,Personality,0.5
256,21,Male,Bangalore,Undergraduate,Student,Hinge,Bumble,Weekly,Finding a Partner,3,Lack of Genuine Matches,Detailed Profiles,Voice Notes,Personality,Interests,Values,1.5
257,19,Female,Chennai,Undergraduate,Freelancer,Tinder,Bumble,Daily,Finding a Partner,1,Safety Concerns,AI Recommendations,Video Calls,Values,Personality,Appearance,2.0
258,24,Male,Pune,Graduate,Freelancer,Bumble,Hinge,Monthly,Casual Fun,4,Time-Wasting,Location-Based Matching,Text,Values,Personality,Appearance,1.5
259,19,Male,Bangalore,Graduate,Freelancer,,OkCupid,Daily,Casual Fun,1,Safety Concerns,Location-Based Matching,Voice Notes,Appearance,Interests,Personality,1.0
260,23,Male,Delhi,Undergraduate,Intern,Tinder,Bumble,Daily,Casual Fun,2,Time-Wasting,Video Calls,Voice Notes,Appearance,Interests,Personality,0.5
261,18,Female,Pune,Undergraduate,Full-time Job,,,Monthly,Casual Dating,5,,Location-Based Matching,Video Calls,Personality,Interests,Values,1.0
262,22,Female,Pune,Undergraduate,Full-time Job,OkCupid,Bumble,Weekly,Social Interaction,3,Safety Concerns,Location-Based Matching,Voice Notes,Values,Personality,Appearance,1.0
263,21,Non-binary,Chennai,Postgraduate,Full-time Job,,OkCupid,Monthly,Casual Fun,4,Lack of Genuine Matches,Location-Based Matching,Text,Appearance,Interests,Personality,1.5
264,25,Male,Kolkata,Undergraduate,Intern,,Tinder,Daily,Finding a Partner,4,Safety Concerns,Audio Calls,Video Calls,Personality,Interests,Values,2.0
265,23,Non-binary,Bangalore,Graduate,Freelancer,Hinge,Bumble,Weekly,Casual Fun,3,Lack of Genuine Matches,AI Recommendations,Text,Personality,Interests,Values,1.0
266,25,Male,Bangalore,Graduate,Freelancer,,,Daily,Social Interaction,5,,Audio Calls,Voice Notes,Values,Personality,Appearance,0.5
267,19,Female,Chennai,Graduate,Intern,OkCupid,,Weekly,Casual Fun,1,Time-Wasting,Video Calls,Voice Notes,Personality,Interests,Values,1.5
268,25,Non-binary,Hyderabad,Graduate,Student,Hinge,,Weekly,Casual Fun,3,Time-Wasting,Detailed Profiles,Video Calls,Appearance,Interests,Personality,1.5
269,19,Non-binary,Bangalore,Graduate,Part-time Job,OkCupid,Hinge,Weekly,Casual Dating,3,Safety Concerns,Video Calls,Text,Personality,Interests,Values,0.5
270,19,Male,Mumbai,Undergraduate,Full-time Job,Bumble,Bumble,Weekly,Casual Dating,4,Safety Concerns,Detailed Profiles,Voice Notes,Values,Personality,Appearance,1.5
271,23,Male,Pune,Graduate,Part-time Job,OkCupid,Hinge,Weekly,Finding a Partner,1,Safety Concerns,Video Calls,Video Calls,Appearance,Interests,Personality,3.0
272,18,Female,Hyderabad,Undergraduate,Student,Tinder,OkCupid,Weekly,Casual Fun,1,Lack of Genuine Matches,Audio Calls,Video Calls,Appearance,Interests,Personality,2.0
273,19,Non-binary,Kolkata,Postgraduate,Full-time Job,,Tinder,Monthly,Social Interaction,5,Lack of Genuine Matches,Location-Based Matching,Text,Appearance,Interests,Personality,1.0
274,20,Non-binary,Kolkata,Postgraduate,Intern,Tinder,Tinder,Weekly,Casual Dating,1,,Detailed Profiles,Video Calls,Personality,Interests,Values,0.5
275,18,Male,Mumbai,Postgraduate,Part-time Job,,,Monthly,Finding a Partner,3,Lack of Genuine Matches,Video Calls,Video Calls,Values,Personality,Appearance,1.0
276,24,Male,Mumbai,Graduate,Intern,Tinder,OkCupid,Daily,Casual Fun,3,Lack of Genuine Matches,Video Calls,Text,Personality,Interests,Values,2.0
277,23,Non-binary,Delhi,Undergraduate,Full-time Job,Tinder,Tinder,Daily,Social Interaction,2,,Audio Calls,Text,Personality,Interests,Values,3.0
278,20,Non-binary,Chennai,Postgraduate,Intern,Tinder,Bumble,Monthly,Casual Dating,1,Lack of Genuine Matches,Video Calls,Text,Values,Personality,Appearance,1.5
279,18,Male,Mumbai,Undergraduate,Intern,OkCupid,Hinge,Weekly,Social Interaction,4,Lack of Genuine Matches,Detailed Profiles,Video Calls,Values,Personality,Appearance,1.0
280,19,Male,Kolkata,Graduate,Part-time Job,OkCupid,,Monthly,Finding a Partner,4,Safety Concerns,Detailed Profiles,Video Calls,Personality,Interests,Values,3.0
281,19,Female,Pune,Undergraduate,Full-time Job,Tinder,,Weekly,Social Interaction,5,Time-Wasting,Location-Based Matching,Voice Notes,Values,Personality,Appearance,1.5
282,21,Male,Mumbai,Postgraduate,Freelancer,Bumble,,Monthly,Casual Fun,1,,Audio Calls,Voice Notes,Personality,Interests,Values,3.0
283,23,Male,Mumbai,Postgraduate,Student,OkCupid,Tinder,Monthly,Social Interaction,3,Lack of Genuine Matches,Location-Based Matching,Video Calls,Appearance,Interests,Personality,3.0
284,24,Female,Bangalore,Postgraduate,Student,Hinge,Hinge,Daily,Social Interaction,4,Time-Wasting,AI Recommendations,Voice Notes,Values,Personality,Appearance,1.0
285,22,Non-binary,Kolkata,Postgraduate,Full-time Job,Hinge,Hinge,Daily,Casual Dating,4,Lack of Genuine Matches,Location-Based Matching,Voice Notes,Values,Personality,Appearance,0.5
286,20,Non-binary,Kolkata,Postgraduate,Part-time Job,Bumble,OkCupid,Daily,Finding a Partner,2,,AI Recommendations,Voice Notes,Values,Personality,Appearance,0.5
287,22,Male,Hyderabad,Graduate,Full-time Job,,,Weekly,Casual Fun,4,Safety Concerns,AI Recommendations,Text,Personality,Interests,Values,3.0
288,18,Non-binary,Hyderabad,Postgraduate,Intern,,,Monthly,Casual Fun,3,,Detailed Profiles,Video Calls,Appearance,Interests,Personality,0.5
289,23,Female,Pune,Undergraduate,Full-time Job,Hinge,Bumble,Weekly,Casual Fun,1,,Detailed Profiles,Voice Notes,Appearance,Interests,Personality,1.0
290,18,Non-binary,Kolkata,Undergraduate,Student,Tinder,OkCupid,Weekly,Casual Dating,4,Safety Concerns,Video Calls,Video Calls,Personality,Interests,Values,1.0
291,25,Female,Pune,Postgraduate,Full-time Job,Bumble,,Daily,Social Interaction,2,Time-Wasting,AI Recommendations,Text,Appearance,Interests,Personality,3.0
292,21,Male,Mumbai,Postgraduate,Student,OkCupid,OkCupid,Monthly,Casual Fun,4,,Location-Based Matching,Voice Notes,Appearance,Interests,Personality,1.0
293,22,Non-binary,Pune,Postgraduate,Intern,Tinder,,Daily,Casual Dating,5,Lack of Genuine Matches,AI Recommendations,Voice Notes,Appearance,Interests,Personality,1.5
294,23,Non-binary,Chennai,Undergraduate,Freelancer,Bumble,,Monthly,Casual Dating,1,Safety Concerns,Location-Based Matching,Video Calls,Personality,Interests,Values,1.0
295,23,Female,Delhi,Undergraduate,Part-time Job,,,Monthly,Casual Fun,4,,Video Calls,Text,Personality,Interests,Values,3.0
296,18,Female,Mumbai,Postgraduate,Intern,OkCupid,Tinder,Weekly,Casual Dating,4,Safety Concerns,Location-Based Matching,Video Calls,Appearance,Interests,Personality,3.0
297,24,Male,Mumbai,Postgraduate,Freelancer,Tinder,Tinder,Weekly,Casual Fun,4,Time-Wasting,Audio Calls,Voice Notes,Appearance,Interests,Personality,3.0
298,19,Female,Pune,Undergraduate,Freelancer,Bumble,Hinge,Monthly,Finding a Partner,5,Time-Wasting,AI Recommendations,Video Calls,Appearance,Interests,Personality,1.0
299,22,Non-binary,Pune,Undergraduate,Intern,,OkCupid,Daily,Casual Dating,5,Lack of Genuine Matches,Audio Calls,Video Calls,Personality,Interests,Values,1.5
300,21,Female,Mumbai,Postgraduate,Student,Bumble,Bumble,Monthly,Social Interaction,3,Time-Wasting,Detailed Profiles,Text,Values,Personality,Appearance,1.5
301,23,Male,Delhi,Postgraduate,Part-time Job,,,Daily,Finding a Partner,3,Lack of Genuine Matches,AI Recommendations,Voice Notes,Appearance,Interests,Personality,3.0
302,25,Male,Hyderabad,Undergraduate,Full-time Job,,Tinder,Monthly,Casual Fun,2,,Video Calls,Video Calls,Personality,Interests,Values,1.0
303,19,Non-binary,Hyderabad,Graduate,Full-time Job,Tinder,OkCupid,Daily,Social Interaction,1,Safety Concerns,Audio Calls,Video Calls,Appearance,Interests,Personality,0.5
304,23,Female,Chennai,Graduate,Part-time Job,Bumble,,Weekly,Social Interaction,3,Safety Concerns,Video Calls,Video Calls,Personality,Interests,Values,1.0
305,20,Female,Mumbai,Graduate,Freelancer,Hinge,OkCupid,Daily,Social Interaction,2,Safety Concerns,Video Calls,Voice Notes,Personality,Interests,Values,1.5
306,19,Male,Mumbai,Undergraduate,Full-time Job,,Tinder,Weekly,Finding a Partner,1,Lack of Genuine Matches,Detailed Profiles,Video Calls,Appearance,Interests,Personality,1.5
307,20,Female,Kolkata,Postgraduate,Full-time Job,OkCupid,Bumble,Weekly,Casual Fun,2,Safety Concerns,Audio Calls,Text,Appearance,Interests,Personality,3.0
308,18,Male,Pune,Graduate,Student,,Hinge,Monthly,Casual Dating,3,Lack of Genuine Matches,Location-Based Matching,Text,Values,Personality,Appearance,1.0
309,22,Non-binary,Mumbai,Postgraduate,Student,Tinder,Hinge,Monthly,Social Interaction,2,Lack of Genuine Matches,Detailed Profiles,Video Calls,Personality,Interests,Values,1.5
310,18,Female,Mumbai,Graduate,Freelancer,OkCupid,Tinder,Daily,Finding a Partner,2,Time-Wasting,Video Calls,Video Calls,Personality,Interests,Values,3.0
311,25,Non-binary,Kolkata,Undergraduate,Freelancer,Bumble,,Monthly,Casual Fun,3,Lack of Genuine Matches,Location-Based Matching,Voice Notes,Values,Personality,Appearance,0.5
312,23,Male,Delhi,Postgraduate,Full-time Job,OkCupid,Hinge,Daily,Casual Fun,1,Time-Wasting,Video Calls,Voice Notes,Appearance,Interests,Personality,1.5
313,23,Female,Pune,Graduate,Student,,Bumble,Daily,Finding a Partner,1,,Audio Calls,Voice Notes,Personality,Interests,Values,2.0
314,21,Non-binary,Kolkata,Graduate,Full-time Job,OkCupid,Bumble,Weekly,Casual Dating,3,Safety Concerns,AI Recommendations,Video Calls,Personality,Interests,Values,0.5
315,23,Female,Delhi,Undergraduate,Intern,Bumble,,Weekly,Casual Dating,2,Lack of Genuine Matches,Audio Calls,Video Calls,Personality,Interests,Values,1.0
316,24,Female,Kolkata,Graduate,Freelancer,Hinge,,Daily,Finding a Partner,1,Time-Wasting,AI Recommendations,Text,Appearance,Interests,Personality,2.0
317,21,Male,Kolkata,Undergraduate,Student,Bumble,Hinge,Weekly,Casual Dating,3,Lack of Genuine Matches,Video Calls,Voice Notes,Personality,Interests,Values,2.0
318,20,Non-binary,Mumbai,Undergraduate,Student,OkCupid,OkCupid,Daily,Social Interaction,1,,Video Calls,Video Calls,Personality,Interests,Values,1.5
319,24,Male,Pune,Postgraduate,Freelancer,Hinge,Hinge,Weekly,Casual Dating,1,Lack of Genuine Matches,Detailed Profiles,Video Calls,Values,Personality,Appearance,2.0
320,20,Female,Kolkata,Postgraduate,Freelancer,Bumble,Hinge,Weekly,Finding a Partner,1,,Video Calls,Text,Personality,Interests,Values,2.0
321,19,Female,Mumbai,Undergraduate,Full-time Job,OkCupid,Bumble,Daily,Casual Dating,5,Safety Concerns,Video Calls,Video Calls,Appearance,Interests,Personality,2.0
322,20,Female,Chennai,Postgraduate,Part-time Job,,Tinder,Daily,Casual Dating,2,,Location-Based Matching,Voice Notes,Values,Personality,Appearance,1.5
323,25,Female,Delhi,Undergraduate,Part-time Job,,Bumble,Daily,Casual Dating,3,,Detailed Profiles,Voice Notes,Appearance,Interests,Personality,0.5
324,22,Non-binary,Pune,Postgraduate,Freelancer,Hinge,Bumble,Weekly,Finding a Partner,3,Time-Wasting,Location-Based Matching,Video Calls,Personality,Interests,Values,0.5
325,20,Female,Bangalore,Postgraduate,Full-time Job,Bumble,Bumble,Weekly,Casual Dating,4,Safety Concerns,Location-Based Matching,Video Calls,Appearance,Interests,Personality,3.0
326,20,Female,Bangalore,Undergraduate,Part-time Job,OkCupid,,Daily,Casual Fun,5,Time-Wasting,Video Calls,Text,Appearance,Interests,Personality,1.5
327,19,Female,Kolkata,Graduate,Part-time Job,Hinge,,Monthly,Finding a Partner,4,,Video Calls,Text,Personality,Interests,Values,1.0
328,22,Male,Pune,Postgraduate,Student,Tinder,Tinder,Monthly,Casual Dating,2,Safety Concerns,Location-Based Matching,Voice Notes,Personality,Interests,Values,2.0
329,21,Female,Kolkata,Postgraduate,Freelancer,,OkCupid,Monthly,Finding a Partner,5,Safety Concerns,Location-Based Matching,Voice Notes,Personality,Interests,Values,1.0
330,25,Non-binary,Pune,Graduate,Intern,Hinge,Hinge,Weekly,Finding a Partner,2,Lack of Genuine Matches,Video Calls,Voice Notes,Values,Personality,Appearance,2.0
331,25,Female,Bangalore,Postgraduate,Freelancer,OkCupid,,Monthly,Casual Fun,5,,Audio Calls,Text,Appearance,Interests,Personality,3.0
332,25,Male,Chennai,Graduate,Full-time Job,Tinder,,Monthly,Finding a Partner,5,,Detailed Profiles,Voice Notes,Personality,Interests,Values,0.5
333,24,Non-binary,Delhi,Graduate,Intern,Tinder,OkCupid,Weekly,Social Interaction,5,Safety Concerns,AI Recommendations,Voice Notes,Values,Personality,Appearance,0.5
334,20,Female,Delhi,Postgraduate,Intern,,,Daily,Casual Dating,1,Time-Wasting,AI Recommendations,Text,Appearance,Interests,Personality,1.5
335,20,Female,Hyderabad,Graduate,Full-time Job,Hinge,Hinge,Monthly,Casual Dating,4,Time-Wasting,Detailed Profiles,Video Calls,Appearance,Interests,Personality,1.5
336,20,Non-binary,Hyderabad,Undergraduate,Student,Tinder,Tinder,Weekly,Casual Dating,2,Safety Concerns,Detailed Profiles,Voice Notes,Personality,Interests,Values,3.0
337,24,Male,Kolkata,Graduate,Student,Hinge,Bumble,Monthly,Casual Dating,1,Lack of Genuine Matches,Video Calls,Voice Notes,Appearance,Interests,Personality,2.0
338,23,Non-binary,Delhi,Undergraduate,Freelancer,Hinge,OkCupid,Daily,Social Interaction,4,,Location-Based Matching,Voice Notes,Values,Personality,Appearance,3.0
339,24,Non-binary,Pune,Postgraduate,Part-time Job,Hinge,,Monthly,Casual Dating,3,Safety Concerns,Location-Based Matching,Video Calls,Appearance,Interests,Personality,3.0
340,21,Non-binary,Delhi,Postgraduate,Student,,Bumble,Monthly,Finding a Partner,4,Time-Wasting,Video Calls,Video Calls,Values,Personality,Appearance,2.0
341,19,Non-binary,Kolkata,Undergraduate,Freelancer,Hinge,Tinder,Weekly,Social Interaction,1,Lack of Genuine Matches,Location-Based Matching,Text,Personality,Interests,Values,1.5
342,23,Non-binary,Hyderabad,Graduate,Part-time Job,,Hinge,Daily,Finding a Partner,1,Safety Concerns,Detailed Profiles,Text,Values,Personality,Appearance,1.5
343,18,Female,Mumbai,Postgraduate,Freelancer,OkCupid,Bumble,Daily,Casual Dating,4,,Video Calls,Video Calls,Personality,Interests,Values,2.0
344,20,Male,Bangalore,Graduate,Student,Hinge,Hinge,Daily,Finding a Partner,2,Lack of Genuine Matches,Audio Calls,Voice Notes,Personality,Interests,Values,3.0
345,25,Female,Pune,Postgraduate,Freelancer,Hinge,Bumble,Monthly,Casual Fun,1,Lack of Genuine Matches,Audio Calls,Video Calls,Personality,Interests,Values,2.0
346,24,Male,Pune,Postgraduate,Intern,OkCupid,,Daily,Social Interaction,3,Safety Concerns,Location-Based Matching,Video Calls,Appearance,Interests,Personality,1.0
347,22,Female,Pune,Undergraduate,Full-time Job,Bumble,Bumble,Daily,Casual Fun,5,Time-Wasting,AI Recommendations,Video Calls,Values,Personality,Appearance,1.0
348,22,Female,Pune,Graduate,Full-time Job,,OkCupid,Monthly,Casual Fun,5,Lack of Genuine Matches,Detailed Profiles,Video Calls,Values,Personality,Appearance,2.0
349,18,Male,Delhi,Undergraduate,Intern,Bumble,Hinge,Monthly,Social Interaction,3,Time-Wasting,Audio Calls,Voice Notes,Appearance,Interests,Personality,1.5
350,21,Male,Mumbai,Graduate,Intern,,Bumble,Weekly,Social Interaction,4,Safety Concerns,Video Calls,Video Calls,Values,Personality,Appearance,1.5
351,20,Male,Kolkata,Undergraduate,Freelancer,Hinge,,Monthly,Casual Fun,5,Time-Wasting,Audio Calls,Text,Appearance,Interests,Personality,0.5
352,23,Male,Mumbai,Postgraduate,Freelancer,Tinder,Hinge,Daily,Casual Fun,4,Lack of Genuine Matches,Audio Calls,Voice Notes,Personality,Interests,Values,0.5
353,18,Female,Kolkata,Postgraduate,Student,Tinder,Bumble,Daily,Casual Fun,1,Time-Wasting,Location-Based Matching,Voice Notes,Values,Personality,Appearance,2.0
354,25,Non-binary,Bangalore,Postgraduate,Student,,,Monthly,Casual Dating,3,Safety Concerns,AI Recommendations,Text,Values,Personality,Appearance,0.5
355,24,Non-binary,Bangalore,Postgraduate,Intern,,Hinge,Daily,Social Interaction,1,,AI Recommendations,Text,Appearance,Interests,Personality,1.0
356,21,Non-binary,Hyderabad,Graduate,Student,,Hinge,Daily,Social Interaction,1,Time-Wasting,Detailed Profiles,Voice Notes,Appearance,Interests,Personality,3.0
357,23,Non-binary,Mumbai,Undergraduate,Full-time Job,Bumble,Tinder,Daily,Casual Fun,2,Lack of Genuine Matches,Location-Based Matching,Text,Appearance,Interests,Personality,1.0
358,25,Female,Kolkata,Undergraduate,Freelancer,Bumble,OkCupid,Daily,Casual Fun,5,Safety Concerns,Audio Calls,Text,Personality,Interests,Values,3.0
359,18,Female,Mumbai,Undergraduate,Part-time Job,,,Weekly,Finding a Partner,5,,AI Recommendations,Text,Appearance,Interests,Personality,0.5
360,24,Female,Pune,Postgraduate,Freelancer,Tinder,,Weekly,Casual Fun,5,Lack of Genuine Matches,Location-Based Matching,Video Calls,Personality,Interests,Values,2.0
361,22,Non-binary,Chennai,Undergraduate,Student,,Hinge,Weekly,Casual Fun,2,Safety Concerns,Detailed Profiles,Voice Notes,Values,Personality,Appearance,1.0
362,22,Male,Kolkata,Postgraduate,Student,Tinder,Tinder,Weekly,Social Interaction,4,Time-Wasting,Audio Calls,Video Calls,Personality,Interests,Values,0.5
363,25,Male,Pune,Undergraduate,Full-time Job,,,Daily,Casual Fun,1,Safety Concerns,Audio Calls,Video Calls,Values,Personality,Appearance,2.0
364,24,Female,Hyderabad,Graduate,Freelancer,OkCupid,Hinge,Monthly,Social Interaction,2,Lack of Genuine Matches,AI Recommendations,Text,Values,Personality,Appearance,1.5
365,23,Non-binary,Chennai,Graduate,Student,,,Daily,Finding a Partner,5,Time-Wasting,Audio Calls,Text,Appearance,Interests,Personality,2.0
366,23,Female,Hyderabad,Graduate,Part-time Job,Tinder,,Weekly,Casual Dating,5,,Audio Calls,Text,Values,Personality,Appearance,1.5
367,18,Female,Mumbai,Undergraduate,Intern,Bumble,Tinder,Daily,Casual Dating,4,,Video Calls,Video Calls,Personality,Interests,Values,1.5
368,23,Non-binary,Delhi,Postgraduate,Freelancer,Hinge,,Monthly,Finding a Partner,1,Safety Concerns,AI Recommendations,Video Calls,Values,Personality,Appearance,1.5
369,19,Male,Bangalore,Graduate,Student,,,Daily,Casual Fun,2,,Location-Based Matching,Voice Notes,Values,Personality,Appearance,1.0
370,24,Female,Bangalore,Graduate,Freelancer,,Bumble,Daily,Casual Fun,5,Lack of Genuine Matches,Location-Based Matching,Voice Notes,Values,Personality,Appearance,2.0
371,23,Female,Chennai,Undergraduate,Student,,Hinge,Daily,Social Interaction,5,,Video Calls,Text,Appearance,Interests,Personality,1.0
372,20,Female,Kolkata,Undergraduate,Full-time Job,Bumble,OkCupid,Weekly,Casual Fun,3,Time-Wasting,Detailed Profiles,Text,Values,Personality,Appearance,1.0
373,21,Male,Hyderabad,Postgraduate,Full-time Job,Bumble,,Monthly,Casual Dating,2,Time-Wasting,AI Recommendations,Voice Notes,Appearance,Interests,Personality,1.0
374,20,Female,Chennai,Undergraduate,Student,,,Monthly,Social Interaction,5,Time-Wasting,AI Recommendations,Video Calls,Appearance,Interests,Personality,2.0
375,22,Non-binary,Mumbai,Postgraduate,Student,Hinge,,Weekly,Casual Dating,5,Lack of Genuine Matches,Video Calls,Voice Notes,Appearance,Interests,Personality,1.5
376,23,Non-binary,Delhi,Undergraduate,Intern,OkCupid,Hinge,Weekly,Casual Dating,2,Time-Wasting,AI Recommendations,Video Calls,Values,Personality,Appearance,1.5
377,21,Male,Bangalore,Graduate,Full-time Job,,,Daily,Casual Dating,2,,Audio Calls,Video Calls,Appearance,Interests,Personality,3.0
378,21,Female,Kolkata,Undergraduate,Full-time Job,OkCupid,,Weekly,Social Interaction,5,,Location-Based Matching,Video Calls,Values,Personality,Appearance,0.5
379,24,Non-binary,Kolkata,Graduate,Part-time Job,Bumble,Tinder,Daily,Social Interaction,2,Time-Wasting,Video Calls,Text,Personality,Interests,Values,1.5
380,24,Non-binary,Pune,Postgraduate,Intern,,Bumble,Daily,Finding a Partner,3,Safety Concerns,Video Calls,Voice Notes,Values,Personality,Appearance,1.0
381,18,Female,Kolkata,Graduate,Full-time Job,Tinder,OkCupid,Daily,Social Interaction,1,Safety Concerns,Detailed Profiles,Video Calls,Personality,Interests,Values,2.0
382,20,Non-binary,Mumbai,Postgraduate,Student,Hinge,Tinder,Monthly,Casual Fun,3,,Audio Calls,Video Calls,Personality,Interests,Values,1.0
383,23,Non-binary,Bangalore,Postgraduate,Intern,OkCupid,,Weekly,Social Interaction,4,Lack of Genuine Matches,Audio Calls,Text,Appearance,Interests,Personality,0.5
384,22,Male,Kolkata,Undergraduate,Student,OkCupid,Hinge,Monthly,Finding a Partner,4,Safety Concerns,Audio Calls,Voice Notes,Personality,Interests,Values,1.5
385,19,Female,Chennai,Postgraduate,Intern,Tinder,Hinge,Daily,Casual Fun,5,Time-Wasting,AI Recommendations,Text,Appearance,Interests,Personality,0.5
386,18,Male,Hyderabad,Postgraduate,Student,,,Monthly,Casual Fun,3,Time-Wasting,Location-Based Matching,Video Calls,Values,Personality,Appearance,2.0
387,25,Non-binary,Kolkata,Postgraduate,Full-time Job,OkCupid,Tinder,Daily,Casual Dating,5,Safety Concerns,Audio Calls,Voice Notes,Values,Personality,Appearance,1.0
388,18,Female,Pune,Postgraduate,Intern,,OkCupid,Monthly,Social Interaction,5,Lack of Genuine Matches,Video Calls,Voice Notes,Values,Personality,Appearance,3.0
389,23,Non-binary,Mumbai,Postgraduate,Student,Tinder,OkCupid,Weekly,Social Interaction,1,Time-Wasting,Audio Calls,Video Calls,Appearance,Interests,Personality,3.0
390,22,Male,Hyderabad,Undergraduate,Full-time Job,Bumble,Hinge,Weekly,Finding a Partner,1,,AI Recommendations,Video Calls,Personality,Interests,Values,1.5
391,24,Female,Kolkata,Undergraduate,Student,OkCupid,,Daily,Casual Fun,3,Time-Wasting,Audio Calls,Voice Notes,Appearance,Interests,Personality,1.5
392,21,Female,Bangalore,Postgraduate,Full-time Job,,,Monthly,Casual Dating,3,Lack of Genuine Matches,Video Calls,Text,Values,Personality,Appearance,1.0
393,24,Male,Delhi,Undergraduate,Full-time Job,Bumble,Bumble,Daily,Casual Fun,4,Time-Wasting,Audio Calls,Video Calls,Appearance,Interests,Personality,1.5
394,24,Male,Kolkata,Postgraduate,Student,OkCupid,Hinge,Monthly,Finding a Partner,1,Safety Concerns,AI Recommendations,Text,Appearance,Interests,Personality,1.0
395,20,Non-binary,Mumbai,Undergraduate,Part-time Job,Bumble,Bumble,Monthly,Social Interaction,2,Lack of Genuine Matches,Detailed Profiles,Text,Appearance,Interests,Personality,3.0
396,23,Female,Delhi,Undergraduate,Intern,Hinge,,Daily,Casual Fun,3,Safety Concerns,AI Recommendations,Video Calls,Values,Personality,Appearance,2.0
397,24,Male,Mumbai,Graduate,Student,,OkCupid,Daily,Finding a Partner,3,,AI Recommendations,Text,Appearance,Interests,Personality,2.0
398,25,Female,Delhi,Graduate,Intern,Bumble,,Daily,Casual Dating,4,,Location-Based Matching,Voice Notes,Values,Personality,Appearance,1.5
399,21,Non-binary,Mumbai,Undergraduate,Freelancer,OkCupid,OkCupid,Weekly,Casual Dating,3,Safety Concerns,Location-Based Matching,Video Calls,Personality,Interests,Values,2.0
400,24,Non-binary,Chennai,Graduate,Student,Hinge,OkCupid,Monthly,Casual Dating,1,Time-Wasting,Video Calls,Voice Notes,Values,Personality,Appearance,1.0
401,25,Female,Delhi,Undergraduate,Full-time Job,Hinge,,Daily,Casual Dating,2,Time-Wasting,Video Calls,Video Calls,Values,Personality,Appearance,1.0
402,20,Female,Kolkata,Graduate,Freelancer,Hinge,Hinge,Daily,Casual Dating,3,Time-Wasting,Audio Calls,Text,Personality,Interests,Values,3.0
403,21,Non-binary,Pune,Graduate,Intern,OkCupid,OkCupid,Weekly,Casual Fun,2,,Audio Calls,Video Calls,Appearance,Interests,Personality,2.0
404,20,Male,Mumbai,Graduate,Part-time Job,OkCupid,Hinge,Daily,Casual Dating,1,Safety Concerns,Location-Based Matching,Text,Values,Personality,Appearance,1.0
405,22,Non-binary,Kolkata,Undergraduate,Full-time Job,Hinge,Tinder,Monthly,Casual Dating,1,,Location-Based Matching,Voice Notes,Appearance,Interests,Personality,3.0
406,25,Female,Mumbai,Graduate,Intern,OkCupid,,Weekly,Social Interaction,2,Safety Concerns,Detailed Profiles,Text,Values,Personality,Appearance,1.5
407,24,Male,Bangalore,Postgraduate,Student,Hinge,OkCupid,Daily,Casual Dating,2,Safety Concerns,Detailed Profiles,Voice Notes,Personality,Interests,Values,3.0
408,19,Non-binary,Kolkata,Graduate,Freelancer,Hinge,Hinge,Daily,Casual Dating,5,Lack of Genuine Matches,Detailed Profiles,Voice Notes,Appearance,Interests,Personality,1.5
409,20,Female,Pune,Undergraduate,Student,,Bumble,Monthly,Finding a Partner,3,,Location-Based Matching,Video Calls,Appearance,Interests,Personality,1.0
410,19,Female,Bangalore,Undergraduate,Freelancer,,Hinge,Monthly,Casual Dating,2,Safety Concerns,Video Calls,Video Calls,Values,Personality,Appearance,1.5
411,24,Non-binary,Pune,Graduate,Intern,Hinge,Hinge,Weekly,Casual Dating,1,,Detailed Profiles,Video Calls,Appearance,Interests,Personality,0.5
412,18,Female,Delhi,Undergraduate,Full-time Job,OkCupid,Tinder,Monthly,Social Interaction,1,Safety Concerns,Location-Based Matching,Voice Notes,Appearance,Interests,Personality,0.5
413,21,Non-binary,Kolkata,Undergraduate,Full-time Job,,OkCupid,Monthly,Casual Fun,1,Lack of Genuine Matches,Video Calls,Text,Personality,Interests,Values,1.0
414,21,Male,Chennai,Undergraduate,Freelancer,,Hinge,Daily,Finding a Partner,2,,Audio Calls,Text,Values,Personality,Appearance,3.0
415,23,Male,Chennai,Postgraduate,Student,,Tinder,Daily,Finding a Partner,3,Lack of Genuine Matches,Detailed Profiles,Text,Personality,Interests,Values,2.0
416,25,Female,Pune,Graduate,Part-time Job,,Tinder,Monthly,Casual Dating,2,Time-Wasting,AI Recommendations,Video Calls,Values,Personality,Appearance,0.5
417,21,Non-binary,Bangalore,Postgraduate,Intern,Hinge,OkCupid,Monthly,Finding a Partner,4,Lack of Genuine Matches,Audio Calls,Text,Appearance,Interests,Personality,3.0
418,24,Male,Hyderabad,Undergraduate,Part-time Job,Tinder,,Daily,Casual Dating,5,Lack of Genuine Matches,Detailed Profiles,Text,Appearance,Interests,Personality,1.5
419,19,Female,Chennai,Graduate,Student,Bumble,Hinge,Monthly,Finding a Partner,4,Lack of Genuine Matches,AI Recommendations,Text,Appearance,Interests,Personality,0.5
420,21,Non-binary,Mumbai,Graduate,Student,Hinge,Tinder,Weekly,Finding a Partner,1,Safety Concerns,Video Calls,Text,Appearance,Interests,Personality,3.0
421,21,Male,Kolkata,Undergraduate,Freelancer,,Bumble,Monthly,Casual Fun,5,Time-Wasting,Audio Calls,Video Calls,Values,Personality,Appearance,0.5
422,24,Male,Kolkata,Undergraduate,Full-time Job,Tinder,,Daily,Finding a Partner,1,Lack of Genuine Matches,Detailed Profiles,Voice Notes,Values,Personality,Appearance,0.5
423,22,Male,Bangalore,Graduate,Full-time Job,OkCupid,Hinge,Daily,Finding a Partner,1,Safety Concerns,Audio Calls,Video Calls,Values,Personality,Appearance,1.5
424,21,Non-binary,Mumbai,Postgraduate,Student,,,Weekly,Casual Fun,4,,Audio Calls,Video Calls,Values,Personality,Appearance,0.5
425,23,Male,Mumbai,Undergraduate,Freelancer,,,Daily,Casual Fun,3,Safety Concerns,Location-Based Matching,Voice Notes,Personality,Interests,Values,1.0
426,25,Male,Bangalore,Undergraduate,Student,Tinder,OkCupid,Daily,Casual Dating,1,Lack of Genuine Matches,Audio Calls,Voice Notes,Values,Personality,Appearance,1.5
427,22,Non-binary,Hyderabad,Undergraduate,Part-time Job,,Bumble,Weekly,Social Interaction,5,Time-Wasting,Video Calls,Text,Personality,Interests,Values,2.0
428,25,Female,Delhi,Postgraduate,Freelancer,,Hinge,Monthly,Social Interaction,3,Safety Concerns,AI Recommendations,Video Calls,Values,Personality,Appearance,1.0
429,19,Male,Bangalore,Postgraduate,Freelancer,,Bumble,Weekly,Casual Fun,5,Lack of Genuine Matches,Video Calls,Text,Personality,Interests,Values,3.0
430,24,Male,Chennai,Postgraduate,Student,Bumble,Tinder,Daily,Casual Fun,4,,Video Calls,Text,Personality,Interests,Values,1.5
431,24,Non-binary,Hyderabad,Graduate,Student,Tinder,Tinder,Weekly,Casual Dating,2,Lack of Genuine Matches,Video Calls,Text,Values,Personality,Appearance,2.0
432,21,Male,Delhi,Postgraduate,Freelancer,,,Weekly,Finding a Partner,1,,Detailed Profiles,Voice Notes,Values,Personality,Appearance,3.0
433,22,Non-binary,Chennai,Undergraduate,Part-time Job,Hinge,OkCupid,Monthly,Casual Fun,1,,Location-Based Matching,Text,Personality,Interests,Values,2.0
434,24,Female,Delhi,Graduate,Full-time Job,,Hinge,Weekly,Casual Dating,2,Time-Wasting,Detailed Profiles,Video Calls,Values,Personality,Appearance,1.5
435,20,Male,Bangalore,Postgraduate,Student,,Hinge,Daily,Casual Fun,5,,AI Recommendations,Video Calls,Personality,Interests,Values,2.0
436,19,Non-binary,Kolkata,Postgraduate,Freelancer,OkCupid,Tinder,Monthly,Casual Dating,4,,Detailed Profiles,Video Calls,Values,Personality,Appearance,1.0
437,18,Non-binary,Mumbai,Undergraduate,Freelancer,Hinge,Tinder,Daily,Casual Dating,5,Safety Concerns,Video Calls,Video Calls,Values,Personality,Appearance,3.0
438,22,Female,Pune,Postgraduate,Student,Bumble,OkCupid,Daily,Social Interaction,3,Lack of Genuine Matches,Location-Based Matching,Text,Personality,Interests,Values,1.0
439,23,Non-binary,Kolkata,Graduate,Student,OkCupid,Bumble,Weekly,Finding a Partner,4,,AI Recommendations,Voice Notes,Values,Personality,Appearance,0.5
440,19,Female,Hyderabad,Graduate,Freelancer,,Tinder,Monthly,Casual Dating,4,Lack of Genuine Matches,Video Calls,Text,Values,Personality,Appearance,1.5
441,22,Male,Bangalore,Postgraduate,Intern,OkCupid,OkCupid,Daily,Casual Dating,4,Safety Concerns,Detailed Profiles,Text,Appearance,Interests,Personality,2.0
442,22,Male,Delhi,Graduate,Part-time Job,Bumble,OkCupid,Daily,Casual Dating,1,Time-Wasting,Audio Calls,Video Calls,Values,Personality,Appearance,0.5
443,23,Female,Chennai,Postgraduate,Part-time Job,Hinge,Bumble,Weekly,Finding a Partner,3,,Video Calls,Video Calls,Appearance,Interests,Personality,2.0
444,19,Non-binary,Kolkata,Postgraduate,Freelancer,Bumble,,Daily,Casual Fun,5,Lack of Genuine Matches,Audio Calls,Voice Notes,Personality,Interests,Values,1.0
445,24,Non-binary,Bangalore,Postgraduate,Intern,Tinder,Bumble,Weekly,Casual Fun,1,Safety Concerns,AI Recommendations,Text,Appearance,Interests,Personality,1.5
446,21,Non-binary,Kolkata,Postgraduate,Full-time Job,,Tinder,Weekly,Casual Dating,4,Lack of Genuine Matches,AI Recommendations,Video Calls,Personality,Interests,Values,3.0
447,18,Female,Chennai,Undergraduate,Full-time Job,Bumble,Tinder,Weekly,Social Interaction,2,Lack of Genuine Matches,Video Calls,Text,Personality,Interests,Values,3.0
448,22,Male,Delhi,Undergraduate,Full-time Job,OkCupid,,Monthly,Casual Fun,2,Safety Concerns,Detailed Profiles,Voice Notes,Appearance,Interests,Personality,0.5
449,22,Male,Hyderabad,Undergraduate,Intern,Bumble,Hinge,Weekly,Casual Fun,1,Lack of Genuine Matches,Location-Based Matching,Video Calls,Values,Personality,Appearance,2.0
450,19,Non-binary,Hyderabad,Postgraduate,Part-time Job,Bumble,OkCupid,Daily,Casual Fun,5,,Detailed Profiles,Voice Notes,Appearance,Interests,Personality,2.0
451,25,Female,Mumbai,Undergraduate,Student,OkCupid,Bumble,Weekly,Finding a Partner,2,,Audio Calls,Text,Values,Personality,Appearance,1.0
452,24,Male,Hyderabad,Postgraduate,Intern,Tinder,,Monthly,Finding a Partner,1,Time-Wasting,AI Recommendations,Text,Personality,Interests,Values,1.5
453,21,Female,Hyderabad,Graduate,Freelancer,,Tinder,Weekly,Finding a Partner,5,Safety Concerns,Location-Based Matching,Voice Notes,Appearance,Interests,Personality,0.5
454,24,Non-binary,Chennai,Graduate,Part-time Job,OkCupid,Tinder,Weekly,Finding a Partner,4,Time-Wasting,Video Calls,Text,Appearance,Interests,Personality,2.0
455,18,Male,Kolkata,Postgraduate,Part-time Job,Hinge,OkCupid,Weekly,Casual Dating,2,Lack of Genuine Matches,Video Calls,Voice Notes,Appearance,Interests,Personality,3.0
456,19,Non-binary,Chennai,Graduate,Student,Bumble,,Monthly,Casual Dating,3,Lack of Genuine Matches,Video Calls,Video Calls,Appearance,Interests,Personality,1.0
457,25,Non-binary,Chennai,Graduate,Full-time Job,Hinge,OkCupid,Monthly,Casual Dating,5,Lack of Genuine Matches,Detailed Profiles,Text,Values,Personality,Appearance,1.5
458,24,Female,Pune,Graduate,Part-time Job,Hinge,OkCupid,Weekly,Casual Dating,2,,Location-Based Matching,Voice Notes,Personality,Interests,Values,3.0
459,23,Female,Kolkata,Postgraduate,Student,,Bumble,Weekly,Casual Dating,2,,Audio Calls,Video Calls,Personality,Interests,Values,3.0
460,21,Female,Chennai,Postgraduate,Part-time Job,Bumble,Tinder,Daily,Social Interaction,1,Lack of Genuine Matches,Detailed Profiles,Video Calls,Personality,Interests,Values,2.0
461,21,Male,Chennai,Postgraduate,Intern,Hinge,OkCupid,Weekly,Finding a Partner,1,Safety Concerns,AI Recommendations,Text,Appearance,Interests,Personality,0.5
462,21,Female,Pune,Graduate,Freelancer,Bumble,OkCupid,Daily,Social Interaction,4,Lack of Genuine Matches,Location-Based Matching,Video Calls,Personality,Interests,Values,1.5
463,25,Male,Hyderabad,Postgraduate,Intern,Bumble,Tinder,Monthly,Casual Dating,1,Lack of Genuine Matches,Detailed Profiles,Voice Notes,Values,Personality,Appearance,3.0
464,21,Female,Kolkata,Postgraduate,Intern,Bumble,Bumble,Weekly,Social Interaction,3,,Video Calls,Voice Notes,Appearance,Interests,Personality,1.0
465,23,Male,Delhi,Graduate,Intern,OkCupid,Hinge,Daily,Social Interaction,3,,Detailed Profiles,Voice Notes,Appearance,Interests,Personality,1.5
466,25,Male,Delhi,Postgraduate,Intern,Hinge,,Daily,Casual Fun,4,Lack of Genuine Matches,Location-Based Matching,Voice Notes,Values,Personality,Appearance,1.0
467,21,Non-binary,Kolkata,Graduate,Freelancer,Hinge,,Monthly,Finding a Partner,2,Lack of Genuine Matches,Location-Based Matching,Video Calls,Values,Personality,Appearance,1.0
468,24,Non-binary,Delhi,Undergraduate,Intern,Bumble,Hinge,Monthly,Finding a Partner,1,Lack of Genuine Matches,AI Recommendations,Voice Notes,Values,Personality,Appearance,1.5
469,23,Male,Hyderabad,Graduate,Full-time Job,Tinder,Bumble,Weekly,Casual Dating,3,Time-Wasting,Detailed Profiles,Video Calls,Values,Personality,Appearance,3.0
470,19,Female,Chennai,Postgraduate,Full-time Job,Bumble,OkCupid,Monthly,Casual Dating,5,Safety Concerns,AI Recommendations,Video Calls,Personality,Interests,Values,0.5
471,21,Female,Mumbai,Postgraduate,Student,,OkCupid,Weekly,Social Interaction,2,Lack of Genuine Matches,Location-Based Matching,Text,Values,Personality,Appearance,1.0
472,19,Male,Delhi,Postgraduate,Student,OkCupid,,Daily,Social Interaction,4,Safety Concerns,AI Recommendations,Text,Personality,Interests,Values,0.5
473,19,Non-binary,Chennai,Graduate,Student,OkCupid,Bumble,Weekly,Casual Dating,5,Lack of Genuine Matches,Video Calls,Text,Appearance,Interests,Personality,3.0
474,25,Non-binary,Hyderabad,Undergraduate,Part-time Job,OkCupid,Hinge,Weekly,Finding a Partner,2,Time-Wasting,AI Recommendations,Voice Notes,Values,Personality,Appearance,3.0
475,23,Male,Kolkata,Postgraduate,Full-time Job,OkCupid,Tinder,Daily,Finding a Partner,2,Safety Concerns,Detailed Profiles,Video Calls,Values,Personality,Appearance,1.5
476,18,Female,Pune,Postgraduate,Intern,Hinge,Hinge,Daily,Social Interaction,1,Time-Wasting,Detailed Profiles,Voice Notes,Values,Personality,Appearance,0.5
477,21,Male,Mumbai,Graduate,Part-time Job,Tinder,Tinder,Daily,Casual Fun,4,Time-Wasting,Audio Calls,Voice Notes,Personality,Interests,Values,1.5
478,25,Male,Bangalore,Undergraduate,Full-time Job,OkCupid,Hinge,Daily,Finding a Partner,1,,Detailed Profiles,Video Calls,Values,Personality,Appearance,0.5
479,20,Female,Delhi,Undergraduate,Full-time Job,OkCupid,,Weekly,Casual Fun,5,Safety Concerns,Detailed Profiles,Voice Notes,Values,Personality,Appearance,1.5
480,19,Female,Delhi,Graduate,Intern,Tinder,Tinder,Monthly,Casual Fun,2,Lack of Genuine Matches,Detailed Profiles,Video Calls,Appearance,Interests,Personality,3.0
481,24,Non-binary,Pune,Undergraduate,Student,OkCupid,Bumble,Weekly,Finding a Partner,1,,Detailed Profiles,Voice Notes,Personality,Interests,Values,1.5
482,18,Female,Hyderabad,Postgraduate,Part-time Job,,OkCupid,Monthly,Casual Fun,1,Safety Concerns,Video Calls,Voice Notes,Appearance,Interests,Personality,3.0
483,18,Non-binary,Chennai,Graduate,Freelancer,OkCupid,Tinder,Monthly,Finding a Partner,3,,Video Calls,Video Calls,Personality,Interests,Values,0.5
484,20,Female,Pune,Undergraduate,Intern,OkCupid,OkCupid,Daily,Casual Dating,3,Time-Wasting,Video Calls,Voice Notes,Personality,Interests,Values,3.0
485,24,Non-binary,Mumbai,Postgraduate,Student,OkCupid,,Weekly,Social Interaction,4,Lack of Genuine Matches,AI Recommendations,Text,Personality,Interests,Values,0.5
486,23,Male,Pune,Graduate,Student,Hinge,Tinder,Daily,Casual Dating,3,Safety Concerns,Location-Based Matching,Voice Notes,Personality,Interests,Values,0.5
487,21,Female,Mumbai,Graduate,Freelancer,Bumble,Tinder,Monthly,Finding a Partner,4,Lack of Genuine Matches,Audio Calls,Voice Notes,Personality,Interests,Values,3.0
488,19,Female,Mumbai,Graduate,Student,Bumble,,Monthly,Finding a Partner,3,Time-Wasting,Location-Based Matching,Text,Personality,Interests,Values,1.5
489,25,Female,Delhi,Graduate,Full-time Job,Hinge,,Monthly,Casual Fun,1,,Audio Calls,Text,Personality,Interests,Values,3.0
490,25,Female,Chennai,Postgraduate,Student,OkCupid,Hinge,Daily,Casual Dating,5,Lack of Genuine Matches,AI Recommendations,Text,Personality,Interests,Values,1.5
491,25,Female,Kolkata,Graduate,Student,OkCupid,Hinge,Daily,Casual Fun,3,Lack of Genuine Matches,AI Recommendations,Text,Personality,Interests,Values,3.0
492,24,Female,Mumbai,Undergraduate,Part-time Job,Bumble,,Monthly,Casual Fun,5,Safety Concerns,Audio Calls,Voice Notes,Appearance,Interests,Personality,1.0
493,24,Female,Mumbai,Postgraduate,Intern,Tinder,Bumble,Weekly,Casual Dating,5,Time-Wasting,Location-Based Matching,Video Calls,Appearance,Interests,Personality,2.0
494,20,Male,Mumbai,Undergraduate,Freelancer,Tinder,,Daily,Social Interaction,1,,Video Calls,Video Calls,Personality,Interests,Values,0.5
495,19,Female,Chennai,Graduate,Intern,OkCupid,Tinder,Weekly,Finding a Partner,3,Time-Wasting,Location-Based Matching,Video Calls,Personality,Interests,Values,0.5
496,23,Female,Mumbai,Undergraduate,Intern,Tinder,Hinge,Weekly,Casual Dating,2,,Audio Calls,Voice Notes,Personality,Interests,Values,1.5
497,23,Male,Mumbai,Postgraduate,Intern,OkCupid,Tinder,Daily,Casual Fun,1,Time-Wasting,Video Calls,Video Calls,Values,Personality,Appearance,2.0
498,22,Male,Hyderabad,Graduate,Freelancer,,Hinge,Monthly,Casual Fun,2,Lack of Genuine Matches,Video Calls,Voice Notes,Appearance,Interests,Personality,2.0
499,21,Female,Kolkata,Graduate,Student,Tinder,Hinge,Daily,Casual Dating,3,Lack of Genuine Matches,Detailed Profiles,Text,Appearance,Interests,Personality,1.5
500,22,Male,Mumbai,Graduate,Part-time Job,,Hinge,Weekly,Casual Fun,2,Time-Wasting,AI Recommendations,Video Calls,Appearance,Interests,Personality,1.5
